date,admissions,aqi,temperature,humidity,is_festival,festival_name,prev_day_admissions,prev_week_avg
2025-11-25 09:44:42,202,125,26.7,73.1,1,Diwali,144,144.0
2025-11-25 09:44:42,205,90,34.2,74.4,1,Diwali,202,144.0
2025-11-25 09:44:42,87,132,29.7,75.9,1,Diwali,205,144.0
2025-11-25 09:44:42,230,68,30.1,77.5,1,Diwali,87,144.0
2025-11-25 09:44:42,179,150,32.1,73.8,1,Diwali,230,144.0
2025-11-25 09:44:42,70,134,30.7,77.1,0,Diwali,179,144.0
2025-11-25 09:44:42,152,127,32.9,90.8,0,Diwali,70,160.7142857
2025-11-25 09:44:42,171,149,30.9,84.9,0,Diwali,152,156.2857143
2025-11-25 09:44:42,124,169,28.2,83.7,0,Diwali,171,144.7142857
2025-11-25 09:44:42,137,150,31.1,70.4,0,Diwali,124,151.8571429
2025-11-25 09:44:42,166,64,26.6,66.1,0,Diwali,137,142.7142857
2025-11-25 09:44:42,149,81,30.3,84.6,0,Diwali,166,138.4285714
2025-11-25 09:44:42,153,101,29.9,83.8,0,Diwali,149,150.2857143
2025-11-25 09:44:42,180,120,29.4,89.7,0,Diwali,153,154.2857143
2025-11-25 09:44:42,199,135,29.6,69.0,0,Diwali,180,158.2857143
2025-11-25 09:44:42,102,98,24.4,72.7,0,Diwali,199,155.1428571
2025-11-25 09:44:42,51,125,28.4,58.6,0,Diwali,102,142.8571429
2025-11-25 09:44:42,137,97,30.3,71.1,0,Diwali,51,138.7142857
2025-11-25 09:44:42,87,101,30.5,85.0,0,Diwali,137,129.8571429
2025-11-25 09:44:42,179,77,26.9,70.3,0,Diwali,87,133.5714286
2025-11-25 09:44:42,70,92,33.8,81.4,0,Diwali,179,117.8571429
2025-11-25 09:44:42,107,79,27.4,73.1,0,Diwali,70,104.7142857
2025-11-25 09:44:42,71,90,32.9,78.2,0,Diwali,107,100.2857143
2025-11-25 09:44:42,138,151,31.3,63.5,0,Diwali,71,112.7142857
2025-11-25 09:44:42,98,91,28.1,75.9,0,Diwali,138,107.1428571
2025-11-25 09:44:42,108,198,35.3,45.1,0,Diwali,98,110.1428571
2025-11-25 09:44:42,64,134,26.4,73.1,0,Diwali,108,93.71428571
2025-11-25 09:44:42,100,125,32.8,58.7,0,Diwali,64,98.0
2025-11-25 09:44:42,157,94,33.0,87.1,0,Diwali,100,105.1428571
2025-11-25 09:44:42,104,141,28.0,82.8,0,Diwali,157,109.8571429
2025-11-25 09:44:42,113,102,34.2,79.7,0,Diwali,104,106.2857143
2025-11-25 09:44:42,180,123,29.2,90.2,0,Diwali,113,118.0
2025-11-25 09:44:42,100,196,30.9,65.5,0,Diwali,180,116.8571429
2025-11-25 09:44:42,184,117,30.8,92.5,0,Diwali,100,134.0
2025-11-25 09:44:42,70,154,29.6,84.3,0,Diwali,184,129.7142857
2025-11-25 09:44:42,122,98,32.4,72.6,0,Diwali,70,124.7142857
2025-11-25 09:44:42,81,118,32.4,86.4,1,New Year,122,121.4285714
2025-11-25 09:44:42,241,173,24.8,63.9,1,New Year,81,139.7142857
2025-11-25 09:44:42,190,101,33.9,66.8,1,New Year,241,141.1428571
2025-11-25 09:44:42,139,174,25.0,68.9,1,New Year,190,146.7142857
2025-11-25 09:44:42,83,141,33.1,69.7,1,New Year,139,132.2857143
2025-11-25 09:44:42,81,103,33.4,64.4,1,New Year,83,133.8571429
2025-11-25 09:44:42,176,138,26.7,87.2,1,New Year,81,141.5714286
2025-11-25 09:44:42,140,149,28.8,72.4,1,New Year,176,150.0
2025-11-25 09:44:42,252,138,26.7,78.5,1,New Year,140,151.5714286
2025-11-25 09:44:42,163,72,29.4,69.3,1,New Year,252,147.7142857
2025-11-25 09:44:42,190,98,29.1,56.8,1,New Year,163,155.0
2025-11-25 09:44:42,204,112,32.3,77.7,1,New Year,190,172.2857143
2025-11-25 09:44:42,80,117,33.9,55.9,1,New Year,204,172.1428571
2025-11-25 09:44:42,105,138,34.2,74.3,1,New Year,80,162.0
2025-11-25 09:44:42,190,125,28.3,61.3,1,New Year,105,169.1428571
2025-11-25 09:44:42,131,79,29.4,94.9,1,New Year,190,151.8571429
2025-11-25 09:44:42,192,131,24.9,84.1,1,New Year,131,156.0
2025-11-25 09:44:42,240,138,27.6,76.1,1,New Year,192,163.1428571
2025-11-25 09:44:42,67,136,32.9,87.6,1,New Year,240,143.5714286
2025-11-25 09:44:42,243,152,34.8,66.5,1,New Year,67,166.8571429
2025-11-25 09:44:42,141,145,26.3,80.4,1,New Year,243,172.0
2025-11-25 09:44:42,210,133,28.2,77.0,1,New Year,141,174.8571429
2025-11-25 09:44:42,65,117,29.9,77.6,1,New Year,210,165.4285714
2025-11-25 09:44:42,125,70,30.8,87.7,1,New Year,65,155.8571429
2025-11-25 09:44:42,276,132,27.6,82.3,1,New Year,125,161.0
2025-11-25 09:44:42,127,126,31.3,77.9,1,New Year,276,169.5714286
2025-11-25 09:44:42,82,128,28.6,58.5,1,New Year,127,146.5714286
2025-11-25 09:44:42,207,81,30.0,65.4,1,New Year,82,156.0
2025-11-25 09:44:42,127,87,31.6,73.8,1,New Year,207,144.1428571
2025-11-25 09:44:42,92,151,30.0,75.9,1,New Year,127,148.0
2025-11-25 09:44:42,114,118,28.7,63.7,1,New Year,92,146.4285714
2025-11-25 09:44:42,131,140,29.7,99.1,0,New Year,114,125.7142857
2025-11-25 09:44:42,160,120,29.7,90.2,0,New Year,131,130.4285714
2025-11-25 09:44:42,102,120,28.9,81.0,0,New Year,160,133.2857143
2025-11-25 09:44:42,73,148,29.2,75.7,0,New Year,102,114.1428571
2025-11-25 09:44:42,173,104,34.8,72.9,0,New Year,73,120.7142857
2025-11-25 09:44:42,90,122,31.7,65.5,0,New Year,173,120.4285714
2025-11-25 09:44:42,64,106,29.1,75.8,0,New Year,90,113.2857143
2025-11-25 09:44:42,94,106,32.1,77.6,0,New Year,64,108.0
2025-11-25 09:44:42,114,110,29.0,62.6,0,New Year,94,101.4285714
2025-11-25 09:44:42,138,126,33.5,78.3,0,New Year,114,106.5714286
2025-11-25 09:44:42,120,105,31.1,73.4,0,New Year,138,113.2857143
2025-11-25 09:44:42,58,157,29.7,55.9,0,New Year,120,96.85714286
2025-11-25 09:44:42,137,93,31.3,66.4,0,New Year,58,103.5714286
2025-11-25 09:44:42,178,114,25.3,70.9,0,New Year,137,119.8571429
2025-11-25 09:44:42,185,106,26.6,93.9,0,New Year,178,132.8571429
2025-11-25 09:44:42,112,163,26.4,80.6,0,New Year,185,132.5714286
2025-11-25 09:44:42,188,125,30.4,61.6,0,New Year,112,139.7142857
2025-11-25 09:44:42,130,150,35.2,79.9,0,New Year,188,141.1428571
2025-11-25 09:44:42,185,75,36.7,59.5,0,New Year,130,159.2857143
2025-11-25 09:44:42,82,128,31.9,85.8,0,New Year,185,151.4285714
2025-11-25 09:44:42,172,146,31.5,70.3,0,New Year,82,150.5714286
2025-11-25 09:44:42,54,122,24.6,74.1,0,New Year,172,131.8571429
2025-11-25 09:44:42,90,151,28.4,88.3,0,New Year,54,128.7142857
2025-11-25 09:44:42,77,104,27.6,62.1,0,New Year,90,112.8571429
2025-11-25 09:44:42,184,162,28.1,61.0,0,New Year,77,120.5714286
2025-11-25 09:44:42,121,188,29.5,69.2,0,New Year,184,111.4285714
2025-11-25 09:44:42,61,109,28.6,85.4,0,New Year,121,108.4285714
2025-11-25 09:44:42,82,106,24.1,59.8,0,New Year,61,95.57142857
2025-11-25 09:44:42,118,163,32.2,46.7,1,Holi,82,104.7142857
2025-11-25 09:44:42,164,167,26.8,70.5,1,Holi,118,115.2857143
2025-11-25 09:44:42,113,104,30.7,80.5,1,Holi,164,120.4285714
2025-11-25 09:44:42,212,107,36.2,87.0,1,Holi,113,124.4285714
2025-11-25 09:44:42,196,111,27.2,70.4,1,Holi,212,135.1428571
2025-11-25 09:44:42,117,79,22.4,70.9,1,Holi,196,143.1428571
2025-11-25 09:44:42,219,92,29.1,86.5,1,Holi,117,162.7142857
2025-11-25 09:44:42,218,89,33.3,56.3,1,Holi,219,177.0
2025-11-25 09:44:42,72,96,35.9,71.1,1,Holi,218,163.8571429
2025-11-25 09:44:42,74,118,26.3,76.9,1,Holi,72,158.2857143
2025-11-25 09:44:42,264,127,31.5,79.5,1,Holi,74,165.7142857
2025-11-25 09:44:42,206,166,28.6,69.9,1,Holi,264,167.1428571
2025-11-25 09:44:42,111,90,29.7,75.3,1,Holi,206,166.2857143
2025-11-25 09:44:42,225,149,37.9,50.1,1,Holi,111,167.1428571
2025-11-25 09:44:42,81,113,25.5,68.4,1,Holi,225,147.5714286
2025-11-25 09:44:42,203,118,30.8,79.5,1,Holi,81,166.2857143
2025-11-25 09:44:42,129,140,31.4,65.2,1,Holi,203,174.1428571
2025-11-25 09:44:42,208,86,33.3,75.6,1,Holi,129,166.1428571
2025-11-25 09:44:42,151,131,30.3,79.5,1,Holi,208,158.2857143
2025-11-25 09:44:42,197,124,30.9,71.6,1,Holi,151,170.5714286
2025-11-25 09:44:42,133,134,28.8,76.7,1,Holi,197,157.4285714
2025-11-25 09:44:42,186,128,30.8,65.4,1,Holi,133,172.4285714
2025-11-25 09:44:42,254,193,29.0,72.9,1,Holi,186,179.7142857
2025-11-25 09:44:42,242,100,31.9,81.1,1,Holi,254,195.8571429
2025-11-25 09:44:42,112,104,28.9,76.6,1,Holi,242,182.1428571
2025-11-25 09:44:42,122,101,31.1,69.1,1,Holi,112,178.0
2025-11-25 09:44:42,82,103,29.9,77.2,1,Holi,122,161.5714286
2025-11-25 09:44:42,154,100,33.4,82.1,1,Holi,82,164.5714286
2025-11-25 09:44:42,173,155,29.8,54.5,1,Holi,154,162.7142857
2025-11-25 09:44:42,103,162,24.7,86.6,1,Holi,173,141.1428571
2025-11-25 09:44:42,162,102,33.8,71.6,1,Holi,103,129.7142857
2025-11-25 09:44:42,94,95,27.3,79.3,0,Holi,162,127.1428571
2025-11-25 09:44:42,111,134,28.0,87.0,0,Holi,94,125.5714286
2025-11-25 09:44:42,183,103,28.2,61.3,0,Holi,111,140.0
2025-11-25 09:44:42,77,138,34.1,67.9,0,Holi,183,129.0
2025-11-25 09:44:42,77,126,23.6,72.1,0,Holi,77,115.2857143
2025-11-25 09:44:42,157,74,39.4,67.2,0,Holi,77,123.0
2025-11-25 09:44:42,93,166,33.2,92.3,0,Holi,157,113.1428571
2025-11-25 09:44:42,133,173,30.7,66.4,0,Holi,93,118.7142857
2025-11-25 09:44:42,79,101,29.8,69.4,0,Holi,133,114.1428571
2025-11-25 09:44:42,124,108,30.9,77.0,0,Holi,79,105.7142857
2025-11-25 09:44:42,177,128,31.6,63.0,0,Holi,124,120.0
2025-11-25 09:44:42,141,130,31.9,71.0,0,Holi,177,129.1428571
2025-11-25 09:44:42,178,139,31.7,78.2,0,Holi,141,132.1428571
2025-11-25 09:44:42,170,180,30.3,71.7,0,Holi,178,143.1428571
2025-11-25 09:44:42,76,114,29.4,74.1,0,Holi,170,135.0
2025-11-25 09:44:42,170,96,29.5,69.7,0,Holi,76,148.0
2025-11-25 09:44:42,165,78,29.4,59.9,0,Holi,170,153.8571429
2025-11-25 09:44:42,52,98,33.4,78.2,0,Holi,165,136.0
2025-11-25 09:44:42,152,119,31.8,92.5,0,Holi,52,137.5714286
2025-11-25 09:44:42,186,173,21.2,75.2,0,Holi,152,138.7142857
2025-11-25 09:44:42,111,104,32.0,77.3,0,Holi,186,130.2857143
2025-11-25 09:44:42,100,126,30.6,81.9,0,Holi,111,133.7142857
2025-11-25 09:44:42,108,119,29.9,62.3,0,Holi,100,124.8571429
2025-11-25 09:44:42,167,155,28.8,92.0,0,Holi,108,125.1428571
2025-11-25 09:44:42,145,195,33.4,77.0,0,Holi,167,138.4285714
2025-11-25 09:44:42,162,104,32.8,91.3,0,Holi,145,139.8571429
2025-11-25 09:44:42,111,105,27.7,67.7,0,Holi,162,129.1428571
2025-11-25 09:44:42,101,151,31.2,93.2,0,Holi,111,127.7142857
2025-11-25 09:44:42,61,140,27.1,82.8,0,Holi,101,122.1428571
2025-11-25 09:44:42,88,175,25.9,80.5,0,Holi,61,119.2857143
2025-11-25 09:44:42,179,137,28.1,77.3,0,Holi,88,121.0
2025-11-25 09:44:42,180,109,32.6,72.5,0,Holi,179,126.0
2025-11-25 09:44:42,162,137,32.9,87.0,0,Holi,180,126.0
2025-11-25 09:44:42,150,153,31.5,76.4,0,Holi,162,131.5714286
2025-11-25 09:44:42,162,144,32.2,55.3,0,Holi,150,140.2857143
2025-11-25 09:44:42,130,135,31.5,63.8,0,Holi,162,150.1428571
2025-11-25 09:44:42,162,152,28.1,73.1,0,Holi,130,160.7142857
2025-11-25 09:44:42,51,155,31.3,78.1,0,Holi,162,142.4285714
2025-11-25 09:44:42,179,161,32.4,74.4,0,Holi,51,142.2857143
2025-11-25 09:44:42,103,139,32.3,87.2,0,Holi,179,133.8571429
2025-11-25 09:44:42,136,114,33.6,55.5,0,Holi,103,131.8571429
2025-11-25 09:44:42,178,124,32.1,76.4,0,Holi,136,134.1428571
2025-11-25 09:44:42,196,156,31.1,56.8,0,Holi,178,143.5714286
2025-11-25 09:44:42,175,95,33.2,82.6,0,Holi,196,145.4285714
2025-11-25 09:44:42,179,131,29.9,74.1,0,Holi,175,163.7142857
2025-11-25 09:44:42,102,108,27.4,79.2,0,Holi,179,152.7142857
2025-11-25 09:44:42,117,120,29.5,66.4,0,Holi,102,154.7142857
2025-11-25 09:44:42,172,158,27.8,87.8,0,Holi,117,159.8571429
2025-11-25 09:44:42,194,125,28.0,85.4,0,Holi,172,162.1428571
2025-11-25 09:44:42,87,121,29.6,80.8,0,Holi,194,146.5714286
2025-11-25 09:44:42,73,79,27.6,73.7,0,Holi,87,132.0
2025-11-25 09:44:42,118,142,29.1,80.8,0,Holi,73,123.2857143
2025-11-25 09:44:42,165,139,24.3,67.9,0,Holi,118,132.2857143
2025-11-25 09:44:42,147,184,30.6,83.6,0,Holi,165,136.5714286
2025-11-25 09:44:42,188,110,30.0,91.5,0,Holi,147,138.8571429
2025-11-25 09:44:42,193,126,27.5,85.7,0,Holi,188,138.7142857
2025-11-25 09:44:42,146,127,32.0,67.7,0,Holi,193,147.1428571
2025-11-25 09:44:42,173,167,32.8,78.6,0,Holi,146,161.4285714
2025-11-25 09:44:42,119,117,25.2,62.1,0,Holi,173,161.5714286
2025-11-25 09:44:42,142,128,27.7,80.7,0,Holi,119,158.2857143
2025-11-25 09:44:42,52,138,27.7,79.5,0,Holi,142,144.7142857
2025-11-25 09:44:42,197,125,27.2,56.3,0,Holi,52,146.0
2025-11-25 09:44:42,196,106,32.5,63.4,0,Holi,197,146.4285714
2025-11-25 09:44:42,139,125,29.4,72.2,0,Holi,196,145.4285714
2025-11-25 09:44:42,196,152,29.2,72.0,0,Holi,139,148.7142857
2025-11-25 09:44:42,197,89,24.0,62.9,0,Holi,196,159.8571429
2025-11-25 09:44:42,145,123,31.9,78.9,0,Holi,197,160.2857143
2025-11-25 09:44:42,101,98,26.3,77.5,0,Holi,145,167.2857143
2025-11-25 09:44:42,177,155,30.2,73.1,0,Holi,101,164.4285714
2025-11-25 09:44:42,88,74,30.8,67.4,0,Holi,177,149.0
2025-11-25 09:44:42,131,103,34.1,85.5,0,Holi,88,147.8571429
2025-11-25 09:44:42,153,131,26.1,91.6,0,Holi,131,141.7142857
2025-11-25 09:44:42,178,166,20.9,70.2,0,Holi,153,139.0
2025-11-25 09:44:42,60,118,30.6,68.9,0,Holi,178,126.8571429
2025-11-25 09:44:42,91,103,35.4,79.9,0,Holi,60,125.4285714
2025-11-25 09:44:42,148,176,33.7,71.4,0,Holi,91,121.2857143
2025-11-25 09:44:42,56,76,30.6,73.6,0,Holi,148,116.7142857
2025-11-25 09:44:42,193,54,28.5,82.4,0,Holi,56,125.5714286
2025-11-25 09:44:42,139,133,32.4,55.9,0,Holi,193,123.5714286
2025-11-25 09:44:42,161,104,27.1,88.2,0,Holi,139,121.1428571
2025-11-25 09:44:42,109,89,31.4,75.7,0,Holi,161,128.1428571
2025-11-25 09:44:42,162,141,31.5,70.9,0,Holi,109,138.2857143
2025-11-25 09:44:42,51,127,33.2,74.1,0,Holi,162,124.4285714
2025-11-25 09:44:42,178,103,38.3,74.6,0,Holi,51,141.8571429
2025-11-25 09:44:42,97,81,31.2,57.7,0,Holi,178,128.1428571
2025-11-25 09:44:42,189,146,28.5,89.9,0,Holi,97,135.2857143
2025-11-25 09:44:42,86,139,29.9,75.4,0,Holi,189,124.5714286
2025-11-25 09:44:42,58,117,24.7,79.4,0,Holi,86,117.2857143
2025-11-25 09:44:42,148,175,27.9,84.5,0,Holi,58,115.2857143
2025-11-25 09:44:42,196,87,28.8,64.8,0,Holi,148,136.0
2025-11-25 09:44:42,97,74,28.4,79.7,0,Holi,196,124.4285714
2025-11-25 09:44:42,180,99,30.5,72.3,0,Holi,97,136.2857143
2025-11-25 09:44:42,197,118,27.5,83.5,0,Holi,180,137.4285714
2025-11-25 09:44:42,103,127,33.4,53.7,0,Holi,197,139.8571429
2025-11-25 09:44:42,169,112,30.0,74.0,0,Holi,103,155.7142857
2025-11-25 09:44:42,165,130,30.0,69.0,0,Holi,169,158.1428571
2025-11-25 09:44:42,124,82,29.0,79.3,0,Holi,165,147.8571429
2025-11-25 09:44:42,162,163,30.5,79.7,0,Holi,124,157.1428571
2025-11-25 09:44:42,153,117,32.5,67.9,0,Holi,162,153.2857143
2025-11-25 09:44:42,133,153,27.4,67.9,0,Holi,153,144.1428571
2025-11-25 09:44:42,161,130,28.0,73.9,0,Holi,133,152.4285714
2025-11-25 09:44:42,148,133,29.1,66.0,0,Holi,161,149.4285714
2025-11-25 09:44:42,142,137,26.0,83.4,0,Holi,148,146.1428571
2025-11-25 09:44:42,195,133,27.5,71.3,0,Holi,142,156.2857143
2025-11-25 09:44:42,177,139,28.6,45.9,0,Holi,195,158.4285714
2025-11-25 09:44:42,159,159,32.6,71.3,0,Holi,177,159.2857143
2025-11-25 09:44:42,131,125,30.8,64.6,0,Holi,159,159.0
2025-11-25 09:44:42,103,141,30.6,58.7,0,Holi,131,150.7142857
2025-11-25 09:44:42,117,117,32.6,62.6,0,Holi,103,146.2857143
2025-11-25 09:44:42,82,163,29.6,76.1,0,Holi,117,137.7142857
2025-11-25 09:44:42,191,99,31.2,88.3,0,Holi,82,137.1428571
2025-11-25 09:44:42,70,174,29.7,78.1,0,Holi,191,121.8571429
2025-11-25 09:44:42,97,118,30.8,68.9,0,Holi,70,113.0
2025-11-25 09:44:42,197,77,28.3,79.6,0,Holi,97,122.4285714
2025-11-25 09:44:42,177,123,22.7,70.4,0,Holi,197,133.0
2025-11-25 09:44:42,185,99,29.6,68.1,0,Holi,177,142.7142857
2025-11-25 09:44:42,184,145,34.3,63.5,0,Holi,185,157.2857143
2025-11-25 09:44:42,194,100,32.8,57.5,0,Holi,184,157.7142857
2025-11-25 09:44:42,177,106,32.9,71.1,0,Holi,194,173.0
2025-11-25 09:44:42,82,63,33.7,76.6,0,Holi,177,170.8571429
2025-11-25 09:44:42,164,106,30.3,74.0,0,Holi,82,166.1428571
2025-11-25 09:44:42,168,50,30.6,70.8,0,Holi,164,164.8571429
2025-11-25 09:44:42,71,72,28.1,65.5,0,Holi,168,148.5714286
2025-11-25 09:44:42,87,142,29.1,81.1,0,Holi,71,134.7142857
2025-11-25 09:44:42,158,143,31.8,61.8,0,Holi,87,129.5714286
2025-11-25 09:44:42,100,132,33.6,82.8,0,Holi,158,118.5714286
2025-11-25 09:44:42,57,90,29.6,65.0,0,Holi,100,115.0
2025-11-25 09:44:42,76,118,28.6,67.5,0,Holi,57,102.4285714
2025-11-25 09:44:42,76,119,30.0,60.3,0,Holi,76,89.28571429
2025-11-25 09:44:42,70,85,31.8,70.0,0,Holi,76,89.14285714
2025-11-25 09:44:42,79,165,25.7,84.8,0,Holi,70,88.0
2025-11-25 09:44:42,146,146,23.1,80.2,0,Holi,79,86.28571429
2025-11-25 09:44:42,77,113,28.3,84.8,0,Holi,146,83.0
2025-11-25 09:44:42,160,120,26.3,80.2,0,Holi,77,97.71428571
2025-11-25 09:44:42,110,126,28.5,64.0,0,Holi,160,102.5714286
2025-11-25 09:44:42,97,58,29.6,71.7,0,Holi,110,105.5714286
2025-11-25 09:44:42,196,112,28.6,67.2,0,Holi,97,123.5714286
2025-11-25 09:44:42,53,99,34.4,88.3,0,Holi,196,119.8571429
2025-11-25 09:44:42,84,89,31.0,63.0,0,Holi,53,111.0
2025-11-25 09:44:42,98,111,30.9,83.9,0,Holi,84,114.0
2025-11-25 09:44:42,66,173,31.9,83.9,0,Holi,98,100.5714286
2025-11-25 09:44:42,95,139,26.6,93.3,0,Holi,66,98.42857143
2025-11-25 09:44:42,166,102,33.1,70.9,0,Holi,95,108.2857143
2025-11-25 09:44:42,55,137,29.8,82.1,0,Holi,166,88.14285714
2025-11-25 09:44:42,148,161,32.0,97.8,0,Holi,55,101.7142857
2025-11-25 09:44:42,173,147,26.8,68.8,0,Holi,148,114.4285714
2025-11-25 09:44:42,86,121,25.3,59.6,0,Holi,173,112.7142857
2025-11-25 09:44:42,73,100,32.5,56.2,0,Holi,86,113.7142857
2025-11-25 09:44:42,142,140,31.1,82.1,0,Holi,73,120.4285714
2025-11-25 09:44:42,95,131,27.3,56.2,0,Holi,142,110.2857143
2025-11-25 09:44:42,144,146,27.4,71.3,0,Holi,95,123.0
2025-11-25 09:44:42,148,139,33.4,79.4,0,Holi,144,123.0
2025-11-25 09:44:42,165,151,26.4,76.9,0,Holi,148,121.8571429
2025-11-25 09:44:42,151,103,34.9,79.3,1,Ganesh Chaturthi,165,131.1428571
2025-11-25 09:44:42,244,159,27.3,77.2,1,Ganesh Chaturthi,151,155.5714286
2025-11-25 09:44:42,88,125,31.9,87.8,1,Ganesh Chaturthi,244,147.8571429
2025-11-25 09:44:42,95,182,29.0,65.5,1,Ganesh Chaturthi,88,147.8571429
2025-11-25 09:44:42,124,99,31.8,68.2,1,Ganesh Chaturthi,95,145.0
2025-11-25 09:44:42,128,172,28.4,67.3,1,Ganesh Chaturthi,124,142.1428571
2025-11-25 09:44:42,147,125,29.5,83.3,1,Ganesh Chaturthi,128,139.5714286
2025-11-25 09:44:42,202,100,30.1,84.0,1,Ganesh Chaturthi,147,146.8571429
2025-11-25 09:44:42,106,105,27.0,79.5,1,Ganesh Chaturthi,202,127.1428571
2025-11-25 09:44:42,234,110,32.2,86.8,1,Ganesh Chaturthi,106,148.0
2025-11-25 09:44:42,103,132,28.5,63.2,1,Ganesh Chaturthi,234,149.1428571
2025-11-25 09:44:42,171,135,29.3,91.7,1,Ganesh Chaturthi,103,155.8571429
2025-11-25 09:44:42,223,102,27.0,90.2,1,Ganesh Chaturthi,171,169.4285714
2025-11-25 09:44:42,233,119,22.3,82.4,1,Ganesh Chaturthi,223,181.7142857
2025-11-25 09:44:42,89,184,29.4,92.8,1,Ganesh Chaturthi,233,165.5714286
2025-11-25 09:44:42,203,171,37.2,58.4,1,Ganesh Chaturthi,89,179.4285714
2025-11-25 09:44:42,235,133,32.4,69.8,1,Ganesh Chaturthi,203,179.5714286
2025-11-25 09:44:42,114,121,29.9,67.6,1,Ganesh Chaturthi,235,181.1428571
2025-11-25 09:44:42,105,123,29.2,82.2,1,Ganesh Chaturthi,114,171.7142857
2025-11-25 09:44:42,93,138,30.1,64.5,1,Ganesh Chaturthi,105,153.1428571
2025-11-25 09:44:42,208,89,31.6,82.6,1,Ganesh Chaturthi,93,149.5714286
2025-11-25 09:44:42,126,112,26.5,88.7,1,Ganesh Chaturthi,208,154.8571429
2025-11-25 09:44:42,83,69,33.3,82.0,1,Ganesh Chaturthi,126,137.7142857
2025-11-25 09:44:42,150,131,32.1,77.8,1,Ganesh Chaturthi,83,125.5714286
2025-11-25 09:44:42,269,139,32.2,65.1,1,Ganesh Chaturthi,150,147.7142857
2025-11-25 09:44:42,155,105,31.3,66.5,1,Ganesh Chaturthi,269,154.8571429
2025-11-25 09:44:42,121,167,30.1,87.5,1,Ganesh Chaturthi,155,158.8571429
2025-11-25 09:44:42,83,83,32.0,82.8,1,Ganesh Chaturthi,121,141.0
2025-11-25 09:44:42,156,76,31.8,74.6,1,Ganesh Chaturthi,83,145.2857143
2025-11-25 09:44:42,81,126,28.9,70.8,1,Ganesh Chaturthi,156,145.0
2025-11-25 09:44:42,232,151,28.3,54.7,1,Navratri,81,156.7142857
2025-11-25 09:44:42,260,170,30.3,64.3,1,Navratri,232,155.4285714
2025-11-25 09:44:42,239,106,34.6,94.1,1,Navratri,260,167.4285714
2025-11-25 09:44:42,257,152,26.3,62.2,1,Navratri,239,186.8571429
2025-11-25 09:44:42,169,118,25.6,76.9,1,Navratri,257,199.1428571
2025-11-25 09:44:42,176,114,30.5,85.1,1,Navratri,169,202.0
2025-11-25 09:44:42,152,146,30.2,62.5,1,Navratri,176,212.1428571
2025-11-25 09:44:42,100,139,30.5,76.8,1,Navratri,152,193.2857143
2025-11-25 09:44:42,188,72,30.7,84.4,1,Navratri,100,183.0
2025-11-25 09:44:42,141,164,29.3,75.1,1,Navratri,188,169.0
2025-11-25 09:44:42,140,161,34.5,103.7,1,Navratri,141,152.2857143
2025-11-25 09:44:42,255,101,25.2,58.3,1,Navratri,140,164.5714286
2025-11-25 09:44:42,265,131,27.5,85.6,1,Navratri,255,177.2857143
2025-11-25 09:44:42,132,134,29.7,73.3,1,Navratri,265,174.4285714
2025-11-25 09:44:42,152,127,25.1,82.7,1,Navratri,132,181.8571429
2025-11-25 09:44:42,193,103,29.5,79.4,1,Navratri,152,182.5714286
2025-11-25 09:44:42,136,99,35.0,67.7,1,Navratri,193,181.8571429
2025-11-25 09:44:42,173,119,30.1,77.3,1,Navratri,136,186.5714286
2025-11-25 09:44:42,90,155,30.7,56.4,1,Navratri,173,163.0
2025-11-25 09:44:42,150,136,26.2,81.0,1,Navratri,90,146.5714286
2025-11-25 09:44:42,199,108,28.2,78.0,1,Navratri,150,156.1428571
2025-11-25 09:44:42,81,143,28.9,81.4,1,Navratri,199,146.0
2025-11-25 09:44:42,152,50,29.0,85.6,1,Navratri,81,140.1428571
2025-11-25 09:44:42,154,154,33.8,78.7,1,Navratri,152,142.7142857
2025-11-25 09:44:42,193,67,31.7,76.5,1,Navratri,154,145.5714286
2025-11-25 09:44:42,73,109,26.7,66.2,1,Navratri,193,143.1428571
2025-11-25 09:44:42,209,86,30.7,67.9,1,Navratri,73,151.5714286
2025-11-25 09:44:42,68,81,31.5,86.9,1,Navratri,209,132.8571429
2025-11-25 09:44:42,235,154,33.4,89.4,1,Navratri,68,154.8571429
2025-11-25 09:44:42,206,105,34.7,72.6,1,Navratri,235,162.5714286
2025-11-25 09:44:42,179,130,27.0,75.5,1,Navratri,206,166.1428571
2025-11-25 09:44:42,141,118,27.6,66.0,1,Diwali,179,158.7142857
2025-11-25 09:44:42,198,134,26.2,86.7,1,Diwali,141,176.5714286
2025-11-25 09:44:42,126,122,29.3,81.7,1,Diwali,198,164.7142857
2025-11-25 09:44:42,139,81,31.4,94.4,1,Diwali,126,174.8571429
2025-11-25 09:44:42,266,149,33.0,66.2,1,Diwali,139,179.2857143
2025-11-25 09:44:42,75,105,29.8,71.2,1,Diwali,266,160.5714286
2025-11-25 09:44:42,243,73,29.0,77.3,1,Diwali,75,169.7142857
2025-11-25 09:44:42,235,107,30.5,81.5,1,Diwali,243,183.1428571
2025-11-25 09:44:42,212,165,27.5,72.8,1,Diwali,235,185.1428571
2025-11-25 09:44:42,265,145,36.3,66.3,1,Diwali,212,205.0
2025-11-25 09:44:42,268,109,25.2,83.8,1,Diwali,265,223.4285714
2025-11-25 09:44:42,216,109,30.6,82.2,1,Diwali,268,216.2857143
2025-11-25 09:44:42,144,110,36.1,65.8,1,Diwali,216,226.1428571
2025-11-25 09:44:42,92,182,30.0,88.6,1,Diwali,144,204.5714286
2025-11-25 09:44:42,203,131,29.4,86.7,1,Diwali,92,200.0
2025-11-25 09:44:42,130,132,28.9,76.3,1,Diwali,203,188.2857143
2025-11-25 09:44:42,191,150,29.5,75.8,1,Diwali,130,177.7142857
2025-11-25 09:44:42,239,127,34.1,80.5,1,Diwali,191,173.5714286
2025-11-25 09:44:42,138,112,23.4,66.4,1,Diwali,239,162.4285714
2025-11-25 09:44:42,86,114,34.6,75.3,1,Diwali,138,154.1428571
2025-11-25 09:44:42,227,117,25.7,53.5,1,Diwali,86,173.4285714
2025-11-25 09:44:42,256,118,29.2,83.8,1,Diwali,227,181.0
2025-11-25 09:44:42,234,141,28.7,59.4,1,Diwali,256,195.8571429
2025-11-25 09:44:42,236,121,31.8,90.0,1,Diwali,234,202.2857143
2025-11-25 09:44:42,146,141,25.2,71.7,1,Diwali,236,189.0
2025-11-25 09:44:42,235,117,31.4,72.9,1,Diwali,146,202.8571429
2025-11-25 09:44:42,64,122,36.1,68.7,1,Diwali,235,199.7142857
2025-11-25 09:44:42,109,60,25.9,72.1,1,Diwali,64,182.8571429
2025-11-25 09:44:42,207,147,30.6,89.2,1,Diwali,109,175.8571429
2025-11-25 09:44:42,259,130,28.0,50.1,1,Diwali,207,179.4285714
2025-11-25 09:44:42,167,149,31.3,87.8,0,Diwali,259,169.5714286
2025-11-25 09:44:42,97,50,30.1,78.4,0,Diwali,167,162.5714286
2025-11-25 09:44:42,138,182,28.1,62.9,0,Diwali,97,148.7142857
2025-11-25 09:44:42,166,115,31.5,64.2,0,Diwali,138,163.2857143
2025-11-25 09:44:42,178,153,35.4,91.8,0,Diwali,166,173.1428571
2025-11-25 09:44:42,65,88,29.4,65.5,0,Diwali,178,152.8571429
2025-11-25 09:44:42,118,138,32.2,63.5,0,Diwali,65,132.7142857
2025-11-25 09:44:42,71,88,26.1,86.4,0,Diwali,118,119.0
2025-11-25 09:44:42,142,101,27.1,78.4,0,Diwali,71,125.4285714
2025-11-25 09:44:42,125,177,31.4,65.6,0,Diwali,142,123.5714286
2025-11-25 09:44:42,193,114,34.5,77.2,0,Diwali,125,127.4285714
2025-11-25 09:44:42,135,126,31.1,64.7,0,Diwali,193,121.2857143
2025-11-25 09:44:42,78,146,29.1,86.0,0,Diwali,135,123.1428571
2025-11-25 09:44:42,118,134,30.0,85.6,0,Diwali,78,123.1428571
2025-11-25 09:44:42,96,124,26.2,80.3,0,Diwali,118,126.7142857
2025-11-25 09:44:42,143,130,31.8,78.6,0,Diwali,96,126.8571429
2025-11-25 09:44:42,193,192,32.6,92.6,0,Diwali,143,136.5714286
2025-11-25 09:44:42,134,118,28.6,75.0,0,Diwali,193,128.1428571
2025-11-25 09:44:42,88,126,28.6,63.2,0,Diwali,134,121.4285714
2025-11-25 09:44:42,149,151,30.8,79.5,0,Diwali,88,131.5714286
2025-11-25 09:44:42,82,153,28.7,95.9,0,Diwali,149,126.4285714
2025-11-25 09:44:42,150,155,29.8,64.9,0,Diwali,82,134.1428571
2025-11-25 09:44:42,72,139,36.3,71.4,0,Diwali,150,124.0
2025-11-25 09:44:42,59,85,29.3,79.2,0,Diwali,72,104.8571429
2025-11-25 09:44:42,118,169,28.9,74.5,0,Diwali,59,102.5714286
2025-11-25 09:44:42,149,85,28.1,65.2,0,Diwali,118,111.2857143
2025-11-25 09:44:42,83,129,32.2,86.2,0,Diwali,149,101.8571429
2025-11-25 09:44:42,187,97,29.5,98.2,0,Diwali,83,116.8571429
2025-11-25 09:44:42,196,118,28.1,77.0,0,Diwali,187,123.4285714
2025-11-25 09:44:42,145,129,34.0,66.0,0,Diwali,196,133.8571429
2025-11-25 09:44:42,50,129,34.3,59.5,0,Diwali,145,132.5714286
2025-11-25 09:44:42,172,132,28.2,77.6,1,New Year,50,140.2857143
2025-11-25 09:44:42,72,168,24.4,86.0,1,New Year,172,129.2857143
2025-11-25 09:44:42,86,133,33.0,79.8,1,New Year,72,129.7142857
2025-11-25 09:44:42,94,112,27.9,75.0,1,New Year,86,116.4285714
2025-11-25 09:44:42,159,148,32.4,69.1,1,New Year,94,111.1428571
2025-11-25 09:44:42,62,155,24.1,64.1,1,New Year,159,99.28571429
2025-11-25 09:44:42,248,83,32.7,83.3,1,New Year,62,127.5714286
2025-11-25 09:44:42,169,137,26.4,84.1,1,New Year,248,127.1428571
2025-11-25 09:44:42,241,141,32.2,59.5,1,New Year,169,151.2857143
2025-11-25 09:44:42,259,111,30.0,90.9,1,New Year,241,176.0
2025-11-25 09:44:42,103,161,27.1,80.7,1,New Year,259,177.2857143
2025-11-25 09:44:42,186,115,28.8,89.0,1,New Year,103,181.1428571
2025-11-25 09:44:42,75,123,32.1,61.6,1,New Year,186,183.0
2025-11-25 09:44:42,159,114,30.3,61.3,1,New Year,75,170.2857143
2025-11-25 09:44:42,158,120,31.8,73.5,1,New Year,159,168.7142857
2025-11-25 09:44:42,161,87,35.9,80.0,1,New Year,158,157.2857143
2025-11-25 09:44:42,125,76,25.3,93.0,1,New Year,161,138.1428571
2025-11-25 09:44:42,133,167,34.9,82.1,1,New Year,125,142.4285714
2025-11-25 09:44:42,112,94,30.3,72.6,1,New Year,133,131.8571429
2025-11-25 09:44:42,282,90,27.3,64.7,1,New Year,112,161.4285714
2025-11-25 09:44:42,88,55,26.0,87.3,1,New Year,282,151.2857143
2025-11-25 09:44:42,197,100,29.4,65.4,1,New Year,88,156.8571429
2025-11-25 09:44:42,119,80,32.8,91.3,1,New Year,197,150.8571429
2025-11-25 09:44:42,220,169,29.6,72.2,1,New Year,119,164.4285714
2025-11-25 09:44:42,102,150,34.5,90.9,1,New Year,220,160.0
2025-11-25 09:44:42,181,99,25.6,81.8,1,New Year,102,169.8571429
2025-11-25 09:44:42,200,187,30.0,73.6,1,New Year,181,158.1428571
2025-11-25 09:44:42,77,149,26.2,69.8,1,New Year,200,156.5714286
2025-11-25 09:44:42,172,110,31.1,71.6,1,New Year,77,153.0
2025-11-25 09:44:42,189,50,32.7,79.3,1,New Year,172,163.0
2025-11-25 09:44:42,242,188,28.7,75.8,1,New Year,189,166.1428571
2025-11-25 09:44:42,154,78,22.2,69.1,0,New Year,242,173.5714286
2025-11-25 09:44:42,184,70,30.6,73.3,0,New Year,154,174.0
2025-11-25 09:44:42,107,150,31.3,75.8,0,New Year,184,160.7142857
2025-11-25 09:44:42,163,193,31.2,53.7,0,New Year,107,173.0
2025-11-25 09:44:42,124,161,33.7,79.6,0,New Year,163,166.1428571
2025-11-25 09:44:42,169,136,26.8,65.2,0,New Year,124,163.2857143
2025-11-25 09:44:42,70,137,32.0,63.5,0,New Year,169,138.7142857
2025-11-25 09:44:42,187,145,33.6,58.1,0,New Year,70,143.4285714
2025-11-25 09:44:42,150,142,24.7,57.1,0,New Year,187,138.5714286
2025-11-25 09:44:42,148,128,31.0,61.4,0,New Year,150,144.4285714
2025-11-25 09:44:42,85,123,28.5,67.9,0,New Year,148,133.2857143
2025-11-25 09:44:42,145,118,29.8,94.5,0,New Year,85,136.2857143
2025-11-25 09:44:42,86,97,31.0,69.7,0,New Year,145,124.4285714
2025-11-25 09:44:42,61,111,28.5,76.8,0,New Year,86,123.1428571
2025-11-25 09:44:42,162,69,28.0,79.0,0,New Year,61,119.5714286
2025-11-25 09:44:42,62,117,30.1,76.3,0,New Year,162,107.0
2025-11-25 09:44:42,72,90,26.7,74.2,0,New Year,62,96.14285714
2025-11-25 09:44:42,148,86,26.7,63.0,0,New Year,72,105.1428571
2025-11-25 09:44:42,154,125,32.0,89.5,0,New Year,148,106.4285714
2025-11-25 09:44:42,79,161,26.6,93.1,0,New Year,154,105.4285714
2025-11-25 09:44:42,66,147,32.0,58.2,0,New Year,79,106.1428571
2025-11-25 09:44:42,162,72,31.4,64.8,0,New Year,66,106.1428571
2025-11-25 09:44:42,111,90,24.8,72.2,0,New Year,162,113.1428571
2025-11-25 09:44:42,133,148,28.0,65.4,0,New Year,111,121.8571429
2025-11-25 09:44:42,161,90,33.6,80.1,0,New Year,133,123.7142857
2025-11-25 09:44:42,135,113,27.1,67.7,0,New Year,161,121.0
2025-11-25 09:44:42,190,136,28.6,96.7,0,New Year,135,136.8571429
2025-11-25 09:44:42,68,90,31.4,86.9,0,New Year,190,137.1428571
2025-11-25 09:44:42,149,123,32.4,77.1,0,New Year,68,135.2857143
2025-11-25 09:44:42,260,79,29.2,85.3,1,Holi,149,156.5714286
2025-11-25 09:44:42,282,101,28.2,86.1,1,Holi,260,177.8571429
2025-11-25 09:44:42,180,129,34.3,69.4,1,Holi,282,180.5714286
2025-11-25 09:44:42,85,72,35.2,66.8,1,Holi,180,173.4285714
2025-11-25 09:44:42,110,133,32.9,75.8,1,Holi,85,162.0
2025-11-25 09:44:42,252,119,30.3,83.6,1,Holi,110,188.2857143
2025-11-25 09:44:42,128,136,27.6,76.4,1,Holi,252,185.2857143
2025-11-25 09:44:42,160,126,27.5,59.2,1,Holi,128,171.0
2025-11-25 09:44:42,216,160,31.6,67.0,1,Holi,160,161.5714286
2025-11-25 09:44:42,238,123,31.3,74.3,1,Holi,216,169.8571429
2025-11-25 09:44:42,247,107,34.2,74.2,1,Holi,238,193.0
2025-11-25 09:44:42,151,123,32.0,94.7,1,Holi,247,198.8571429
2025-11-25 09:44:42,215,136,25.5,61.1,1,Holi,151,193.5714286
2025-11-25 09:44:42,248,121,33.2,80.1,1,Holi,215,210.7142857
2025-11-25 09:44:42,95,121,27.0,89.9,1,Holi,248,201.4285714
2025-11-25 09:44:42,254,98,28.8,97.7,1,Holi,95,206.8571429
2025-11-25 09:44:42,133,100,30.8,71.0,1,Holi,254,191.8571429
2025-11-25 09:44:42,254,77,36.0,79.9,1,Holi,133,192.8571429
2025-11-25 09:44:42,130,172,39.3,80.7,1,Holi,254,189.8571429
2025-11-25 09:44:42,123,82,31.8,77.0,1,Holi,130,176.7142857
2025-11-25 09:44:42,203,99,29.5,74.0,1,Holi,123,170.2857143
2025-11-25 09:44:42,125,98,31.6,79.4,1,Holi,203,174.5714286
2025-11-25 09:44:42,263,146,32.7,49.7,1,Holi,125,175.8571429
2025-11-25 09:44:42,242,111,29.0,81.8,1,Holi,263,191.4285714
2025-11-25 09:44:42,259,157,35.4,76.3,1,Holi,242,192.1428571
2025-11-25 09:44:42,167,99,30.7,72.8,1,Holi,259,197.4285714
2025-11-25 09:44:42,253,128,31.5,95.5,1,Holi,167,216.0
2025-11-25 09:44:42,181,94,32.0,68.3,1,Holi,253,212.8571429
2025-11-25 09:44:42,74,184,31.3,71.0,1,Holi,181,205.5714286
2025-11-25 09:44:42,166,84,32.5,94.9,1,Holi,74,191.7142857
2025-11-25 09:44:42,256,129,28.1,66.7,1,Holi,166,193.7142857
2025-11-25 09:44:42,56,139,28.3,69.5,0,Holi,256,164.7142857
2025-11-25 09:44:42,190,132,26.7,73.5,0,Holi,56,168.0
2025-11-25 09:44:42,186,114,31.3,83.4,0,Holi,190,158.4285714
2025-11-25 09:44:42,76,116,32.3,77.1,0,Holi,186,143.4285714
2025-11-25 09:44:42,171,121,31.4,62.1,0,Holi,76,157.2857143
2025-11-25 09:44:42,54,115,35.0,69.7,0,Holi,171,141.2857143
2025-11-25 09:44:42,78,148,30.0,68.9,0,Holi,54,115.8571429
2025-11-25 09:44:42,132,186,32.0,74.2,0,Holi,78,126.7142857
2025-11-25 09:44:42,185,103,26.7,79.3,0,Holi,132,126.0
2025-11-25 09:44:42,158,78,28.8,79.2,0,Holi,185,122.0
2025-11-25 09:44:42,114,117,32.1,57.2,0,Holi,158,127.4285714
2025-11-25 09:44:42,135,197,32.5,85.6,0,Holi,114,122.2857143
2025-11-25 09:44:42,194,95,29.1,77.5,0,Holi,135,142.2857143
2025-11-25 09:44:42,120,169,29.8,88.8,0,Holi,194,148.2857143
2025-11-25 09:44:42,94,170,25.4,79.4,0,Holi,120,142.8571429
2025-11-25 09:44:42,181,103,28.9,86.0,0,Holi,94,142.2857143
2025-11-25 09:44:42,85,137,32.7,79.7,0,Holi,181,131.8571429
2025-11-25 09:44:42,119,168,31.7,88.5,0,Holi,85,132.5714286
2025-11-25 09:44:42,68,108,31.5,80.2,0,Holi,119,123.0
2025-11-25 09:44:42,157,113,30.1,74.0,0,Holi,68,117.7142857
2025-11-25 09:44:42,140,102,30.0,97.7,0,Holi,157,120.5714286
2025-11-25 09:44:42,139,89,28.0,83.9,0,Holi,140,127.0
2025-11-25 09:44:42,68,100,32.1,80.7,0,Holi,139,110.8571429
2025-11-25 09:44:42,88,83,31.3,62.2,0,Holi,68,111.2857143
2025-11-25 09:44:42,175,121,31.5,62.1,0,Holi,88,119.2857143
2025-11-25 09:44:42,190,96,28.4,77.9,0,Holi,175,136.7142857
2025-11-25 09:44:42,175,127,23.5,76.5,0,Holi,190,139.2857143
2025-11-25 09:44:42,107,73,33.3,68.9,0,Holi,175,134.5714286
2025-11-25 09:44:42,197,129,28.6,76.4,0,Holi,107,142.8571429
2025-11-25 09:44:42,110,145,27.4,90.9,0,Holi,197,148.8571429
2025-11-25 09:44:42,176,60,32.1,82.0,0,Holi,110,161.4285714
2025-11-25 09:44:42,154,131,28.8,63.6,0,Holi,176,158.4285714
2025-11-25 09:44:42,50,156,33.2,73.9,0,Holi,154,138.4285714
2025-11-25 09:44:42,180,83,31.9,67.0,0,Holi,50,139.1428571
2025-11-25 09:44:42,141,170,32.1,71.1,0,Holi,180,144.0
2025-11-25 09:44:42,162,132,25.9,70.9,0,Holi,141,139.0
2025-11-25 09:44:42,105,98,33.6,70.2,0,Holi,162,138.2857143
2025-11-25 09:44:42,166,118,30.8,62.4,0,Holi,105,136.8571429
2025-11-25 09:44:42,183,136,28.9,73.7,0,Holi,166,141.0
2025-11-25 09:44:42,107,122,30.4,69.4,0,Holi,183,149.1428571
2025-11-25 09:44:42,93,136,24.7,45.7,0,Holi,107,136.7142857
2025-11-25 09:44:42,110,92,31.2,95.5,0,Holi,93,132.2857143
2025-11-25 09:44:42,96,125,26.9,85.9,0,Holi,110,122.8571429
2025-11-25 09:44:42,198,77,25.9,71.2,0,Holi,96,136.1428571
2025-11-25 09:44:42,129,116,25.4,75.2,0,Holi,198,130.8571429
2025-11-25 09:44:42,167,92,33.3,63.3,0,Holi,129,128.5714286
2025-11-25 09:44:42,196,97,28.1,92.0,0,Holi,167,141.2857143
2025-11-25 09:44:42,69,157,34.6,94.0,0,Holi,196,137.8571429
2025-11-25 09:44:42,195,152,28.4,76.6,0,Holi,69,150.0
2025-11-25 09:44:42,96,138,24.9,85.2,0,Holi,195,150.0
2025-11-25 09:44:42,98,87,26.7,76.8,0,Holi,96,135.7142857
2025-11-25 09:44:42,63,110,33.7,61.6,0,Holi,98,126.2857143
2025-11-25 09:44:42,192,156,29.5,70.9,0,Holi,63,129.8571429
2025-11-25 09:44:42,50,124,28.4,76.3,0,Holi,192,109.0
2025-11-25 09:44:42,166,189,30.5,70.5,0,Holi,50,122.8571429
2025-11-25 09:44:42,103,131,31.5,72.8,0,Holi,166,109.7142857
2025-11-25 09:44:42,167,125,33.4,74.1,0,Holi,103,119.8571429
2025-11-25 09:44:42,52,110,34.3,74.2,0,Holi,167,113.2857143
2025-11-25 09:44:42,193,124,28.9,75.5,0,Holi,52,131.8571429
2025-11-25 09:44:42,61,115,26.0,64.4,0,Holi,193,113.1428571
2025-11-25 09:44:42,123,141,28.8,67.8,0,Holi,61,123.5714286
2025-11-25 09:44:42,65,148,30.8,62.2,0,Holi,123,109.1428571
2025-11-25 09:44:42,151,96,27.1,84.8,0,Holi,65,116.0
2025-11-25 09:44:42,166,80,27.1,53.9,0,Holi,151,115.8571429
2025-11-25 09:44:42,57,64,31.0,86.5,0,Holi,166,116.5714286
2025-11-25 09:44:42,171,135,29.9,88.9,0,Holi,57,113.4285714
2025-11-25 09:44:42,141,86,30.1,72.0,0,Holi,171,124.8571429
2025-11-25 09:44:42,139,55,27.7,49.0,0,Holi,141,127.1428571
2025-11-25 09:44:42,185,131,29.3,71.4,0,Holi,139,144.2857143
2025-11-25 09:44:42,109,194,27.2,74.4,0,Holi,185,138.2857143
2025-11-25 09:44:42,77,119,32.7,64.9,0,Holi,109,125.5714286
2025-11-25 09:44:42,150,145,33.1,69.8,0,Holi,77,138.8571429
2025-11-25 09:44:42,90,122,24.5,90.3,0,Holi,150,127.2857143
2025-11-25 09:44:42,194,117,27.2,81.6,0,Holi,90,134.8571429
2025-11-25 09:44:42,190,147,25.5,65.8,0,Holi,194,142.1428571
2025-11-25 09:44:42,95,111,28.0,59.0,0,Holi,190,129.2857143
2025-11-25 09:44:42,84,128,29.7,71.7,0,Holi,95,125.7142857
2025-11-25 09:44:42,183,129,25.7,72.9,0,Holi,84,140.8571429
2025-11-25 09:44:42,131,99,27.2,80.0,0,Holi,183,138.1428571
2025-11-25 09:44:42,164,149,27.0,69.6,0,Holi,131,148.7142857
2025-11-25 09:44:42,96,114,30.6,80.1,0,Holi,164,134.7142857
2025-11-25 09:44:42,59,97,30.2,94.4,0,Holi,96,116.0
2025-11-25 09:44:42,105,136,27.8,83.2,0,Holi,59,117.4285714
2025-11-25 09:44:42,79,93,30.5,74.5,0,Holi,105,116.7142857
2025-11-25 09:44:42,158,120,28.4,73.2,0,Holi,79,113.1428571
2025-11-25 09:44:42,54,119,29.2,71.4,0,Holi,158,102.1428571
2025-11-25 09:44:42,168,152,35.0,86.8,0,Holi,54,102.7142857
2025-11-25 09:44:42,82,134,34.0,68.7,0,Holi,168,100.7142857
2025-11-25 09:44:42,167,119,26.1,75.5,0,Holi,82,116.1428571
2025-11-25 09:44:42,114,144,32.5,75.5,0,Holi,167,117.4285714
2025-11-25 09:44:42,195,161,32.4,70.0,0,Holi,114,134.0
2025-11-25 09:44:42,60,136,26.6,61.3,0,Holi,195,120.0
2025-11-25 09:44:42,134,120,32.5,78.2,0,Holi,60,131.4285714
2025-11-25 09:44:42,75,80,34.6,74.4,0,Holi,134,118.1428571
2025-11-25 09:44:42,112,88,26.6,80.0,0,Holi,75,122.4285714
2025-11-25 09:44:42,135,110,27.2,69.7,0,Holi,112,117.8571429
2025-11-25 09:44:42,108,101,33.1,87.2,0,Holi,135,117.0
2025-11-25 09:44:42,76,114,30.8,66.2,0,Holi,108,100.0
2025-11-25 09:44:42,147,121,31.7,92.1,0,Holi,76,112.4285714
2025-11-25 09:44:42,154,135,31.0,57.5,0,Holi,147,115.2857143
2025-11-25 09:44:42,148,117,31.2,79.3,0,Holi,154,125.7142857
2025-11-25 09:44:42,178,134,26.0,79.8,0,Holi,148,135.1428571
2025-11-25 09:44:42,198,121,33.1,67.0,0,Holi,178,144.1428571
2025-11-25 09:44:42,104,60,33.5,79.2,0,Holi,198,143.5714286
2025-11-25 09:44:42,55,91,29.3,87.8,0,Holi,104,140.5714286
2025-11-25 09:44:42,144,115,29.9,52.8,0,Holi,55,140.1428571
2025-11-25 09:44:42,182,83,25.4,80.0,0,Holi,144,144.1428571
2025-11-25 09:44:42,151,137,31.5,50.1,0,Holi,182,144.5714286
2025-11-25 09:44:42,52,165,31.7,65.3,0,Holi,151,126.5714286
2025-11-25 09:44:42,72,156,29.8,91.3,0,Holi,52,108.5714286
2025-11-25 09:44:42,102,113,33.4,69.2,0,Holi,72,108.2857143
2025-11-25 09:44:42,132,164,29.0,63.3,0,Holi,102,119.2857143
2025-11-25 09:44:42,194,124,31.7,73.0,0,Holi,132,126.4285714
2025-11-25 09:44:42,134,109,26.9,95.7,0,Holi,194,119.5714286
2025-11-25 09:44:42,127,101,29.9,56.7,0,Holi,134,116.1428571
2025-11-25 09:44:42,159,110,29.5,64.5,0,Holi,127,131.4285714
2025-11-25 09:44:42,50,108,30.7,90.0,0,Holi,159,128.2857143
2025-11-25 09:44:42,100,125,28.9,93.6,0,Holi,50,128.0
2025-11-25 09:44:42,53,124,29.6,74.0,0,Holi,100,116.7142857
2025-11-25 09:44:42,162,120,32.5,62.6,0,Holi,53,112.1428571
2025-11-25 09:44:42,81,133,28.7,96.0,0,Holi,162,104.5714286
2025-11-25 09:44:42,83,155,25.2,90.9,0,Holi,81,98.28571429
2025-11-25 09:44:42,141,148,35.2,81.8,0,Holi,83,95.71428571
2025-11-25 09:44:42,144,75,34.1,66.9,0,Holi,141,109.1428571
2025-11-25 09:44:42,121,50,26.1,74.5,0,Holi,144,112.1428571
2025-11-25 09:44:42,88,148,32.1,73.4,0,Holi,121,117.1428571
2025-11-25 09:44:42,167,78,28.5,78.3,0,Holi,88,117.8571429
2025-11-25 09:44:42,52,113,30.8,89.5,0,Holi,167,113.7142857
2025-11-25 09:44:42,172,84,30.9,83.8,0,Holi,52,126.4285714
2025-11-25 09:44:42,99,65,29.3,64.2,0,Holi,172,120.4285714
2025-11-25 09:44:42,61,136,27.6,88.8,0,Holi,99,108.5714286
2025-11-25 09:44:42,103,142,27.9,78.1,0,Holi,61,106.0
2025-11-25 09:44:42,182,102,27.3,81.9,0,Holi,103,119.4285714
2025-11-25 09:44:42,106,50,27.5,89.7,0,Holi,182,110.7142857
2025-11-25 09:44:42,194,103,29.8,63.9,0,Holi,106,131.0
2025-11-25 09:44:42,161,131,27.9,74.6,0,Holi,194,129.4285714
2025-11-25 09:44:42,96,75,32.0,69.7,0,Holi,161,129.0
2025-11-25 09:44:42,134,125,34.5,59.3,0,Holi,96,139.4285714
2025-11-25 09:44:42,191,119,28.3,78.5,0,Holi,134,152.0
2025-11-25 09:44:42,115,137,30.7,100.1,0,Holi,191,142.4285714
2025-11-25 09:44:42,124,123,31.5,56.6,0,Holi,115,145.0
2025-11-25 09:44:42,152,90,31.4,74.7,0,Holi,124,139.0
2025-11-25 09:44:42,87,155,30.2,81.4,0,Holi,152,128.4285714
2025-11-25 09:44:42,99,115,32.2,76.2,0,Holi,87,128.8571429
2025-11-25 09:44:42,147,119,31.4,73.9,0,Holi,99,130.7142857
2025-11-25 09:44:42,131,92,26.3,62.0,0,Holi,147,122.1428571
2025-11-25 09:44:42,79,106,32.6,77.3,0,Holi,131,117.0
2025-11-25 09:44:42,128,93,32.7,67.4,0,Holi,79,117.5714286
2025-11-25 09:44:42,140,114,27.7,53.1,0,Holi,128,115.8571429
2025-11-25 09:44:42,101,171,30.1,86.9,0,Holi,140,117.8571429
2025-11-25 09:44:42,128,78,32.0,84.6,0,Holi,101,122.0
2025-11-25 09:44:42,79,71,29.4,75.5,0,Holi,128,112.2857143
2025-11-25 09:44:42,155,164,33.2,77.3,0,Holi,79,115.7142857
2025-11-25 09:44:42,145,113,37.1,85.7,1,Ganesh Chaturthi,155,125.1428571
2025-11-25 09:44:42,172,99,27.6,77.2,1,Ganesh Chaturthi,145,131.4285714
2025-11-25 09:44:42,239,151,25.9,84.0,1,Ganesh Chaturthi,172,145.5714286
2025-11-25 09:44:42,109,101,30.9,72.0,1,Ganesh Chaturthi,239,146.7142857
2025-11-25 09:44:42,249,174,32.2,88.1,1,Ganesh Chaturthi,109,164.0
2025-11-25 09:44:42,230,140,29.3,78.2,1,Ganesh Chaturthi,249,185.5714286
2025-11-25 09:44:42,262,105,34.4,76.9,1,Ganesh Chaturthi,230,200.8571429
2025-11-25 09:44:42,174,184,26.0,62.3,1,Ganesh Chaturthi,262,205.0
2025-11-25 09:44:42,98,101,32.1,77.9,1,Ganesh Chaturthi,174,194.4285714
2025-11-25 09:44:42,184,142,28.2,66.7,1,Ganesh Chaturthi,98,186.5714286
2025-11-25 09:44:42,154,128,35.2,68.6,1,Ganesh Chaturthi,184,193.0
2025-11-25 09:44:42,105,159,36.0,66.8,1,Ganesh Chaturthi,154,172.4285714
2025-11-25 09:44:42,80,166,27.7,64.3,1,Ganesh Chaturthi,105,151.0
2025-11-25 09:44:42,147,120,28.4,96.2,1,Ganesh Chaturthi,80,134.5714286
2025-11-25 09:44:42,222,97,32.6,88.3,1,Ganesh Chaturthi,147,141.4285714
2025-11-25 09:44:42,115,133,28.8,94.2,1,Ganesh Chaturthi,222,143.8571429
2025-11-25 09:44:42,231,99,29.9,62.8,1,Ganesh Chaturthi,115,150.5714286
2025-11-25 09:44:42,207,180,30.1,75.7,1,Ganesh Chaturthi,231,158.1428571
2025-11-25 09:44:42,166,124,24.2,62.1,1,Ganesh Chaturthi,207,166.8571429
2025-11-25 09:44:42,179,109,30.0,68.0,1,Ganesh Chaturthi,166,181.0
2025-11-25 09:44:42,213,125,27.9,65.8,1,Ganesh Chaturthi,179,190.4285714
2025-11-25 09:44:42,256,79,28.5,87.4,1,Ganesh Chaturthi,213,195.2857143
2025-11-25 09:44:42,80,90,34.3,71.0,1,Ganesh Chaturthi,256,190.2857143
2025-11-25 09:44:42,235,156,26.2,85.7,1,Ganesh Chaturthi,80,190.8571429
2025-11-25 09:44:42,198,100,32.4,81.0,1,Ganesh Chaturthi,235,189.5714286
2025-11-25 09:44:42,232,88,29.2,98.0,1,Ganesh Chaturthi,198,199.0
2025-11-25 09:44:42,99,136,29.2,60.2,1,Ganesh Chaturthi,232,187.5714286
2025-11-25 09:44:42,181,155,32.4,87.6,1,Ganesh Chaturthi,99,183.0
2025-11-25 09:44:42,191,141,31.0,86.5,1,Ganesh Chaturthi,181,173.7142857
2025-11-25 09:44:42,155,149,31.7,65.3,1,Ganesh Chaturthi,191,184.4285714
2025-11-25 09:44:42,206,97,32.9,85.1,1,Navratri,155,180.2857143
2025-11-25 09:44:42,120,77,29.0,78.4,1,Navratri,206,169.1428571
2025-11-25 09:44:42,239,165,28.2,72.7,1,Navratri,120,170.1428571
2025-11-25 09:44:42,95,110,26.7,66.8,1,Navratri,239,169.5714286
2025-11-25 09:44:42,78,112,27.5,67.8,1,Navratri,95,154.8571429
2025-11-25 09:44:42,169,159,38.8,95.5,1,Navratri,78,151.7142857
2025-11-25 09:44:42,162,136,33.7,75.0,1,Navratri,169,152.7142857
2025-11-25 09:44:42,87,133,25.9,82.8,1,Navratri,162,135.7142857
2025-11-25 09:44:42,287,184,26.0,67.1,1,Navratri,87,159.5714286
2025-11-25 09:44:42,160,100,31.4,67.2,1,Navratri,287,148.2857143
2025-11-25 09:44:42,69,147,31.6,85.8,1,Navratri,160,144.5714286
2025-11-25 09:44:42,246,121,31.6,61.5,1,Navratri,69,168.5714286
2025-11-25 09:44:42,81,128,29.2,70.8,1,Navratri,246,156.0
2025-11-25 09:44:42,201,165,29.6,75.3,1,Navratri,81,161.5714286
2025-11-25 09:44:42,135,135,31.0,76.1,1,Navratri,201,168.4285714
2025-11-25 09:44:42,111,136,30.3,73.2,1,Navratri,135,143.2857143
2025-11-25 09:44:42,156,152,23.3,79.0,1,Navratri,111,142.7142857
2025-11-25 09:44:42,116,109,29.3,81.9,1,Navratri,156,149.4285714
2025-11-25 09:44:42,175,94,27.4,82.3,1,Navratri,116,139.2857143
2025-11-25 09:44:42,101,88,30.5,65.1,1,Navratri,175,142.1428571
2025-11-25 09:44:42,129,61,39.0,72.2,1,Navratri,101,131.8571429
2025-11-25 09:44:42,238,181,31.1,86.9,1,Navratri,129,146.5714286
2025-11-25 09:44:42,153,86,29.1,83.9,1,Navratri,238,152.5714286
2025-11-25 09:44:42,198,113,32.8,61.3,1,Navratri,153,158.5714286
2025-11-25 09:44:42,222,111,31.4,78.5,1,Navratri,198,173.7142857
2025-11-25 09:44:42,160,129,31.3,55.2,1,Navratri,222,171.5714286
2025-11-25 09:44:42,126,144,31.8,75.5,1,Navratri,160,175.1428571
2025-11-25 09:44:42,141,145,36.2,94.0,1,Navratri,126,176.8571429
2025-11-25 09:44:42,187,102,26.6,65.5,1,Navratri,141,169.5714286
2025-11-25 09:44:42,98,114,31.4,66.7,1,Navratri,187,161.7142857
2025-11-25 09:44:42,125,128,27.2,82.6,1,Navratri,98,151.2857143
2025-11-25 09:44:42,61,112,31.7,59.6,1,Diwali,125,128.2857143
2025-11-25 09:44:42,69,168,27.2,68.7,1,Diwali,61,115.2857143
2025-11-25 09:44:42,239,134,28.7,81.0,1,Diwali,69,131.4285714
2025-11-25 09:44:42,206,142,29.1,68.7,1,Diwali,239,140.7142857
2025-11-25 09:44:42,126,139,32.9,72.6,1,Diwali,206,132.0
2025-11-25 09:44:42,251,155,32.8,82.4,1,Diwali,126,153.8571429
2025-11-25 09:44:42,147,125,26.3,79.2,1,Diwali,251,157.0
2025-11-25 09:44:42,85,81,30.2,77.7,1,Diwali,147,160.4285714
2025-11-25 09:44:42,94,131,27.9,71.6,1,Diwali,85,164.0
2025-11-25 09:44:42,183,100,26.2,78.7,1,Diwali,94,156.0
2025-11-25 09:44:42,261,104,29.3,73.8,1,Diwali,183,163.8571429
2025-11-25 09:44:42,197,137,29.1,79.6,1,Diwali,261,174.0
2025-11-25 09:44:42,91,157,37.3,70.0,1,Diwali,197,151.1428571
2025-11-25 09:44:42,153,120,31.3,73.2,1,Diwali,91,152.0
2025-11-25 09:44:42,223,129,25.9,65.1,1,Diwali,153,171.7142857
2025-11-25 09:44:42,78,171,28.3,74.6,1,Diwali,223,169.4285714
2025-11-25 09:44:42,68,127,33.1,66.9,1,Diwali,78,153.0
2025-11-25 09:44:42,205,198,36.3,63.9,1,Diwali,68,145.0
2025-11-25 09:44:42,220,136,25.2,77.6,1,Diwali,205,148.2857143
2025-11-25 09:44:42,97,67,24.4,77.1,1,Diwali,220,149.1428571
2025-11-25 09:44:42,121,142,35.6,82.8,1,Diwali,97,144.5714286
2025-11-25 09:44:42,221,131,31.2,70.7,1,Diwali,121,144.2857143
2025-11-25 09:44:42,79,158,27.4,79.1,1,Diwali,221,144.4285714
2025-11-25 09:44:42,204,140,31.6,80.5,1,Diwali,79,163.8571429
2025-11-25 09:44:42,102,115,22.1,79.4,1,Diwali,204,149.1428571
2025-11-25 09:44:42,106,83,30.0,66.7,1,Diwali,102,132.8571429
2025-11-25 09:44:42,90,113,31.0,76.5,1,Diwali,106,131.8571429
2025-11-25 09:44:42,177,94,32.8,78.6,1,Diwali,90,139.8571429
2025-11-25 09:44:42,249,102,27.0,75.1,1,Diwali,177,143.8571429
2025-11-25 09:44:42,120,137,30.3,54.1,1,Diwali,249,149.7142857
2025-11-25 09:44:42,74,170,27.2,76.6,0,Diwali,120,131.1428571
2025-11-25 09:44:42,194,131,30.8,97.1,0,Diwali,74,144.2857143
2025-11-25 09:44:42,62,84,27.3,71.4,0,Diwali,194,138.0
2025-11-25 09:44:42,74,133,28.8,67.7,0,Diwali,62,135.7142857
2025-11-25 09:44:42,117,155,27.0,78.7,0,Diwali,74,127.1428571
2025-11-25 09:44:42,187,101,32.0,78.1,0,Diwali,117,118.2857143
2025-11-25 09:44:42,116,115,32.6,86.9,0,Diwali,187,117.7142857
2025-11-25 09:44:42,158,120,29.3,62.4,0,Diwali,116,129.7142857
2025-11-25 09:44:42,195,96,30.1,82.3,0,Diwali,158,129.8571429
2025-11-25 09:44:42,160,139,25.7,80.9,0,Diwali,195,143.8571429
2025-11-25 09:44:42,160,116,29.1,73.6,0,Diwali,160,156.1428571
2025-11-25 09:44:42,83,132,29.8,78.4,0,Diwali,160,151.2857143
2025-11-25 09:44:42,160,93,37.9,85.3,0,Diwali,83,147.4285714
2025-11-25 09:44:42,57,106,26.7,83.7,0,Diwali,160,139.0
2025-11-25 09:44:42,162,141,34.4,63.6,0,Diwali,57,139.5714286
2025-11-25 09:44:42,132,108,33.0,83.2,0,Diwali,162,130.5714286
2025-11-25 09:44:42,91,171,30.8,74.4,0,Diwali,132,120.7142857
2025-11-25 09:44:42,150,108,35.3,75.7,0,Diwali,91,119.2857143
2025-11-25 09:44:42,55,126,31.1,75.7,0,Diwali,150,115.2857143
2025-11-25 09:44:42,75,147,31.2,73.5,0,Diwali,55,103.1428571
2025-11-25 09:44:42,113,77,29.8,86.9,0,Diwali,75,111.1428571
2025-11-25 09:44:42,108,67,33.7,74.2,0,Diwali,113,103.4285714
2025-11-25 09:44:42,158,74,33.3,63.8,0,Diwali,108,107.1428571
2025-11-25 09:44:42,170,157,28.1,71.1,0,Diwali,158,118.4285714
2025-11-25 09:44:42,82,103,26.0,76.8,0,Diwali,170,108.7142857
2025-11-25 09:44:42,199,196,29.4,87.3,0,Diwali,82,129.2857143
2025-11-25 09:44:42,70,103,27.6,81.0,0,Diwali,199,128.5714286
2025-11-25 09:44:42,119,125,29.8,66.5,0,Diwali,70,129.4285714
2025-11-25 09:44:42,161,166,33.7,99.9,0,Diwali,119,137.0
2025-11-25 09:44:42,53,180,28.6,77.6,0,Diwali,161,122.0
2025-11-25 09:44:42,143,181,29.9,87.8,0,Diwali,53,118.1428571
2025-11-25 09:44:42,170,156,30.2,73.5,1,New Year,143,130.7142857
2025-11-25 09:44:42,151,150,32.5,80.3,1,New Year,170,123.8571429
2025-11-25 09:44:42,171,137,23.3,83.4,1,New Year,151,138.2857143
2025-11-25 09:44:42,175,143,28.2,87.2,1,New Year,171,146.2857143
2025-11-25 09:44:42,133,103,30.6,85.6,1,New Year,175,142.2857143
2025-11-25 09:44:42,272,95,33.6,83.7,1,New Year,133,173.5714286
2025-11-25 09:44:42,223,119,28.5,71.8,1,New Year,272,185.0
2025-11-25 09:44:42,113,114,24.4,69.3,1,New Year,223,176.8571429
2025-11-25 09:44:42,132,106,31.9,78.3,1,New Year,113,174.1428571
2025-11-25 09:44:42,122,140,28.1,84.3,1,New Year,132,167.1428571
2025-11-25 09:44:42,70,148,26.4,72.8,1,New Year,122,152.1428571
2025-11-25 09:44:42,169,122,28.1,85.7,1,New Year,70,157.2857143
2025-11-25 09:44:42,152,164,29.4,89.5,1,New Year,169,140.1428571
2025-11-25 09:44:42,71,85,28.2,65.8,1,New Year,152,118.4285714
2025-11-25 09:44:42,187,114,23.4,66.6,1,New Year,71,129.0
2025-11-25 09:44:42,254,98,32.7,73.6,1,New Year,187,146.4285714
2025-11-25 09:44:42,221,64,33.8,78.1,1,New Year,254,160.5714286
2025-11-25 09:44:42,208,117,32.0,69.8,1,New Year,221,180.2857143
2025-11-25 09:44:42,187,116,26.6,88.5,1,New Year,208,182.8571429
2025-11-25 09:44:42,150,165,29.4,79.2,1,New Year,187,182.5714286
2025-11-25 09:44:42,165,138,30.0,75.4,1,New Year,150,196.0
2025-11-25 09:44:42,275,89,31.8,60.6,1,New Year,165,208.5714286
2025-11-25 09:44:42,110,175,32.0,61.8,1,New Year,275,188.0
2025-11-25 09:44:42,135,156,27.8,77.8,1,New Year,110,175.7142857
2025-11-25 09:44:42,241,137,30.2,53.7,1,New Year,135,180.4285714
2025-11-25 09:44:42,167,113,31.4,85.1,1,New Year,241,177.5714286
2025-11-25 09:44:42,245,91,34.4,73.4,1,New Year,167,191.1428571
2025-11-25 09:44:42,170,108,32.1,107.4,1,New Year,245,191.8571429
2025-11-25 09:44:42,90,152,32.4,98.1,1,New Year,170,165.4285714
2025-11-25 09:44:42,85,176,30.3,73.2,1,New Year,90,161.8571429
2025-11-25 09:44:42,198,166,34.2,73.9,1,New Year,85,170.8571429
2025-11-25 09:44:42,189,105,31.2,85.0,0,New Year,198,163.4285714
2025-11-25 09:44:42,96,86,27.4,92.0,0,New Year,189,153.2857143
2025-11-25 09:44:42,50,124,34.2,58.6,0,New Year,96,125.4285714
2025-11-25 09:44:42,139,66,32.1,57.1,0,New Year,50,121.0
2025-11-25 09:44:42,191,129,28.7,68.8,0,New Year,139,135.4285714
2025-11-25 09:44:42,113,115,28.6,80.8,0,New Year,191,139.4285714
2025-11-25 09:44:42,87,106,30.9,80.0,0,New Year,113,123.5714286
2025-11-25 09:44:42,86,72,31.4,85.7,0,New Year,87,108.8571429
2025-11-25 09:44:42,175,135,30.6,63.0,0,New Year,86,120.1428571
2025-11-25 09:44:42,188,104,30.9,51.8,0,New Year,175,139.8571429
2025-11-25 09:44:42,149,84,35.1,83.6,0,New Year,188,141.2857143
2025-11-25 09:44:42,126,50,33.2,66.7,0,New Year,149,132.0
2025-11-25 09:44:42,52,119,30.6,54.8,0,New Year,126,123.2857143
2025-11-25 09:44:42,183,173,32.8,76.5,0,New Year,52,137.0
2025-11-25 09:44:42,59,169,26.9,82.9,0,New Year,183,133.1428571
2025-11-25 09:44:42,54,106,31.2,73.8,0,New Year,59,115.8571429
2025-11-25 09:44:42,187,101,35.4,70.4,0,New Year,54,115.7142857
2025-11-25 09:44:42,179,134,29.3,73.4,0,New Year,187,120.0
2025-11-25 09:44:42,62,90,27.5,71.3,0,New Year,179,110.8571429
2025-11-25 09:44:42,179,129,28.0,61.5,0,New Year,62,129.0
2025-11-25 09:44:42,133,142,26.7,67.9,0,New Year,179,121.8571429
2025-11-25 09:44:42,114,156,27.6,80.2,0,New Year,133,129.7142857
2025-11-25 09:44:42,112,116,28.9,78.2,0,New Year,114,138.0
2025-11-25 09:44:42,150,113,25.8,76.7,0,New Year,112,132.7142857
2025-11-25 09:44:42,122,93,30.0,65.0,0,New Year,150,124.5714286
2025-11-25 09:44:42,66,95,32.7,73.2,0,New Year,122,125.1428571
2025-11-25 09:44:42,58,113,27.3,53.2,0,New Year,66,107.8571429
2025-11-25 09:44:42,192,131,34.6,76.8,0,New Year,58,116.2857143
2025-11-25 09:44:42,119,147,31.5,89.3,1,Holi,192,117.0
2025-11-25 09:44:42,199,95,33.1,60.3,1,Holi,119,129.4285714
2025-11-25 09:44:42,209,164,28.0,69.1,1,Holi,199,137.8571429
2025-11-25 09:44:42,126,111,32.6,78.3,1,Holi,209,138.4285714
2025-11-25 09:44:42,147,119,26.7,87.5,1,Holi,126,150.0
2025-11-25 09:44:42,145,97,32.7,70.5,1,Holi,147,162.4285714
2025-11-25 09:44:42,165,50,30.5,68.1,1,Holi,145,158.5714286
2025-11-25 09:44:42,205,146,31.7,55.3,1,Holi,165,170.8571429
2025-11-25 09:44:42,236,142,26.5,76.0,1,Holi,205,176.1428571
2025-11-25 09:44:42,251,111,27.3,95.4,1,Holi,236,182.1428571
2025-11-25 09:44:42,177,122,31.8,77.8,1,Holi,251,189.4285714
2025-11-25 09:44:42,109,135,27.2,74.8,1,Holi,177,184.0
2025-11-25 09:44:42,64,73,31.4,78.2,1,Holi,109,172.4285714
2025-11-25 09:44:42,119,104,25.9,74.9,1,Holi,64,165.8571429
2025-11-25 09:44:42,165,143,32.5,66.9,1,Holi,119,160.1428571
2025-11-25 09:44:42,241,82,26.3,83.2,1,Holi,165,160.8571429
2025-11-25 09:44:42,157,128,31.7,77.3,1,Holi,241,147.4285714
2025-11-25 09:44:42,148,79,31.9,75.2,1,Holi,157,143.2857143
2025-11-25 09:44:42,206,133,27.9,65.2,1,Holi,148,157.1428571
2025-11-25 09:44:42,174,118,31.7,88.0,1,Holi,206,172.8571429
2025-11-25 09:44:42,78,71,30.8,81.6,1,Holi,174,167.0
2025-11-25 09:44:42,216,154,28.4,69.5,1,Holi,78,174.2857143
2025-11-25 09:44:42,78,97,27.0,85.0,1,Holi,216,151.0
2025-11-25 09:44:42,160,95,24.1,70.0,1,Holi,78,151.4285714
2025-11-25 09:44:42,104,126,31.0,67.2,1,Holi,160,145.1428571
2025-11-25 09:44:42,112,154,25.3,67.4,1,Holi,104,131.7142857
2025-11-25 09:44:42,76,89,30.3,57.3,1,Holi,112,117.7142857
2025-11-25 09:44:42,190,121,29.2,79.7,1,Holi,76,133.7142857
2025-11-25 09:44:42,218,132,32.0,56.7,1,Holi,190,134.0
2025-11-25 09:44:42,177,140,29.1,62.7,1,Holi,218,148.1428571
2025-11-25 09:44:42,146,125,29.0,54.2,1,Holi,177,146.1428571
2025-11-25 09:44:42,181,108,32.2,74.1,0,Holi,146,157.1428571
2025-11-25 09:44:42,138,95,31.0,73.5,0,Holi,181,160.8571429
2025-11-25 09:44:42,91,122,30.9,71.7,0,Holi,138,163.0
2025-11-25 09:44:42,138,87,31.4,64.6,0,Holi,91,155.5714286
2025-11-25 09:44:42,195,50,25.4,63.3,0,Holi,138,152.2857143
2025-11-25 09:44:42,89,133,32.3,79.6,0,Holi,195,139.7142857
2025-11-25 09:44:42,121,147,31.8,69.5,0,Holi,89,136.1428571
2025-11-25 09:44:42,88,50,26.9,78.2,0,Holi,121,122.8571429
2025-11-25 09:44:42,153,89,29.3,66.1,0,Holi,88,125.0
2025-11-25 09:44:42,63,138,29.9,76.8,0,Holi,153,121.0
2025-11-25 09:44:42,81,181,29.6,88.0,0,Holi,63,112.8571429
2025-11-25 09:44:42,174,120,31.0,80.9,0,Holi,81,109.8571429
2025-11-25 09:44:42,146,98,34.3,70.9,0,Holi,174,118.0
2025-11-25 09:44:42,72,114,33.2,77.6,0,Holi,146,111.0
2025-11-25 09:44:42,112,161,26.1,72.6,0,Holi,72,114.4285714
2025-11-25 09:44:42,192,100,31.9,75.1,0,Holi,112,120.0
2025-11-25 09:44:42,194,96,34.0,71.7,0,Holi,192,138.7142857
2025-11-25 09:44:42,102,105,31.2,73.4,0,Holi,194,141.7142857
2025-11-25 09:44:42,153,91,33.3,77.1,0,Holi,102,138.7142857
2025-11-25 09:44:42,153,123,36.0,65.1,0,Holi,153,139.7142857
2025-11-25 09:44:42,88,168,33.1,64.8,0,Holi,153,142.0
2025-11-25 09:44:42,183,129,30.7,61.1,0,Holi,88,152.1428571
2025-11-25 09:44:42,116,112,33.1,59.0,0,Holi,183,141.2857143
2025-11-25 09:44:42,184,111,30.4,62.8,0,Holi,116,139.8571429
2025-11-25 09:44:42,91,73,30.1,76.6,0,Holi,184,138.2857143
2025-11-25 09:44:42,64,146,28.9,66.1,0,Holi,91,125.5714286
2025-11-25 09:44:42,160,117,34.7,80.1,0,Holi,64,126.5714286
2025-11-25 09:44:42,82,114,27.5,75.3,0,Holi,160,125.7142857
2025-11-25 09:44:42,132,215,34.6,55.3,0,Holi,82,118.4285714
2025-11-25 09:44:42,146,128,31.5,81.5,0,Holi,132,122.7142857
2025-11-25 09:44:42,82,97,25.8,83.1,0,Holi,146,108.1428571
2025-11-25 09:44:42,135,107,31.1,65.1,0,Holi,82,114.4285714
2025-11-25 09:44:42,115,154,23.7,79.2,0,Holi,135,121.7142857
2025-11-25 09:44:42,59,123,31.9,66.4,0,Holi,115,107.2857143
2025-11-25 09:44:42,54,76,32.7,76.0,0,Holi,59,103.2857143
2025-11-25 09:44:42,172,147,28.2,62.4,0,Holi,54,109.0
2025-11-25 09:44:42,123,99,30.4,57.1,0,Holi,172,105.7142857
2025-11-25 09:44:42,146,176,35.9,71.2,0,Holi,123,114.8571429
2025-11-25 09:44:42,167,152,28.5,73.8,0,Holi,146,119.4285714
2025-11-25 09:44:42,87,106,26.8,71.0,0,Holi,167,115.4285714
2025-11-25 09:44:42,190,158,34.4,63.2,0,Holi,87,134.1428571
2025-11-25 09:44:42,96,122,35.9,71.0,0,Holi,190,140.1428571
2025-11-25 09:44:42,158,145,30.0,77.7,0,Holi,96,138.1428571
2025-11-25 09:44:42,64,134,33.0,74.6,0,Holi,158,129.7142857
2025-11-25 09:44:42,185,94,34.0,76.8,0,Holi,64,135.2857143
2025-11-25 09:44:42,54,100,27.8,68.3,0,Holi,185,119.1428571
2025-11-25 09:44:42,96,150,28.5,86.7,0,Holi,54,120.4285714
2025-11-25 09:44:42,117,109,33.7,63.2,0,Holi,96,110.0
2025-11-25 09:44:42,125,107,35.1,79.9,0,Holi,117,114.1428571
2025-11-25 09:44:42,179,91,31.7,86.8,0,Holi,125,117.1428571
2025-11-25 09:44:42,144,132,27.4,79.8,0,Holi,179,128.5714286
2025-11-25 09:44:42,164,181,36.0,73.0,0,Holi,144,125.5714286
2025-11-25 09:44:42,85,87,28.4,69.7,0,Holi,164,130.0
2025-11-25 09:44:42,75,120,29.0,85.4,0,Holi,85,127.0
2025-11-25 09:44:42,92,162,31.0,60.8,0,Holi,75,123.4285714
2025-11-25 09:44:42,76,117,34.7,65.3,0,Holi,92,116.4285714
2025-11-25 09:44:42,118,133,32.6,71.0,0,Holi,76,107.7142857
2025-11-25 09:44:42,197,88,31.2,87.4,0,Holi,118,115.2857143
2025-11-25 09:44:42,60,132,31.4,78.8,0,Holi,197,100.4285714
2025-11-25 09:44:42,123,114,30.1,65.3,0,Holi,60,105.8571429
2025-11-25 09:44:42,153,149,31.7,71.9,0,Holi,123,117.0
2025-11-25 09:44:42,87,155,22.4,68.9,0,Holi,153,116.2857143
2025-11-25 09:44:42,183,197,29.1,67.9,0,Holi,87,131.5714286
2025-11-25 09:44:42,72,137,30.7,84.8,0,Holi,183,125.0
2025-11-25 09:44:42,96,129,26.5,61.3,0,Holi,72,110.5714286
2025-11-25 09:44:42,139,125,31.2,91.1,0,Holi,96,121.8571429
2025-11-25 09:44:42,95,109,29.4,83.3,0,Holi,139,117.8571429
2025-11-25 09:44:42,156,130,35.3,85.9,0,Holi,95,118.2857143
2025-11-25 09:44:42,189,111,34.7,70.4,0,Holi,156,132.8571429
2025-11-25 09:44:42,190,125,28.6,73.5,0,Holi,189,133.8571429
2025-11-25 09:44:42,153,159,29.5,60.7,0,Holi,190,145.4285714
2025-11-25 09:44:42,160,89,29.8,69.8,0,Holi,153,154.5714286
2025-11-25 09:44:42,153,154,28.6,79.9,0,Holi,160,156.5714286
2025-11-25 09:44:42,109,159,30.6,88.0,0,Holi,153,158.5714286
2025-11-25 09:44:42,149,116,27.7,63.9,0,Holi,109,157.5714286
2025-11-25 09:44:42,117,56,26.6,71.3,0,Holi,149,147.2857143
2025-11-25 09:44:42,182,101,31.9,73.5,0,Holi,117,146.1428571
2025-11-25 09:44:42,169,158,31.9,61.0,0,Holi,182,148.4285714
2025-11-25 09:44:42,86,119,27.6,80.9,0,Holi,169,137.8571429
2025-11-25 09:44:42,121,90,32.7,67.8,0,Holi,86,133.2857143
2025-11-25 09:44:42,176,104,28.1,73.0,0,Holi,121,142.8571429
2025-11-25 09:44:42,155,145,30.8,70.5,0,Holi,176,143.7142857
2025-11-25 09:44:42,141,136,32.5,67.1,0,Holi,155,147.1428571
2025-11-25 09:44:42,80,112,29.9,74.9,0,Holi,141,132.5714286
2025-11-25 09:44:42,171,108,31.4,72.8,0,Holi,80,132.8571429
2025-11-25 09:44:42,186,108,28.5,71.3,0,Holi,171,147.1428571
2025-11-25 09:44:42,100,92,29.4,67.7,0,Holi,186,144.1428571
2025-11-25 09:44:42,78,168,29.4,78.2,0,Holi,100,130.1428571
2025-11-25 09:44:42,89,110,27.8,91.5,0,Holi,78,120.7142857
2025-11-25 09:44:42,90,156,29.5,76.4,0,Holi,89,113.4285714
2025-11-25 09:44:42,60,165,25.4,85.0,0,Holi,90,110.5714286
2025-11-25 09:44:42,50,149,28.5,61.1,0,Holi,60,93.28571429
2025-11-25 09:44:42,95,107,29.1,76.6,0,Holi,50,80.28571429
2025-11-25 09:44:42,150,132,29.2,64.0,0,Holi,95,87.42857143
2025-11-25 09:44:42,198,119,29.3,60.2,0,Holi,150,104.5714286
2025-11-25 09:44:42,139,92,29.8,67.6,0,Holi,198,111.7142857
2025-11-25 09:44:42,159,129,31.4,86.9,0,Holi,139,121.5714286
2025-11-25 09:44:42,106,84,32.6,84.5,0,Holi,159,128.1428571
2025-11-25 09:44:42,50,155,28.1,77.4,0,Holi,106,128.1428571
2025-11-25 09:44:42,112,106,26.4,59.7,0,Holi,50,130.5714286
2025-11-25 09:44:42,104,126,26.9,73.0,0,Holi,112,124.0
2025-11-25 09:44:42,164,128,28.5,78.0,0,Holi,104,119.1428571
2025-11-25 09:44:42,192,112,28.9,76.8,0,Holi,164,126.7142857
2025-11-25 09:44:42,198,137,27.7,56.6,0,Holi,192,132.2857143
2025-11-25 09:44:42,102,105,26.1,66.1,0,Holi,198,131.7142857
2025-11-25 09:44:42,186,146,28.6,74.4,0,Holi,102,151.1428571
2025-11-25 09:44:42,106,79,30.5,80.4,0,Holi,186,150.2857143
2025-11-25 09:44:42,166,123,31.8,53.0,0,Holi,106,159.1428571
2025-11-25 09:44:42,84,178,28.3,73.4,0,Holi,166,147.7142857
2025-11-25 09:44:42,112,89,28.8,76.4,0,Holi,84,136.2857143
2025-11-25 09:44:42,74,99,27.2,83.5,0,Holi,112,118.5714286
2025-11-25 09:44:42,139,135,29.9,81.9,0,Holi,74,123.8571429
2025-11-25 09:44:42,124,125,27.5,80.8,0,Holi,139,115.0
2025-11-25 09:44:42,87,130,31.7,67.0,0,Holi,124,112.2857143
2025-11-25 09:44:42,179,134,24.6,55.9,0,Holi,87,114.1428571
2025-11-25 09:44:42,184,139,28.9,71.1,0,Holi,179,128.4285714
2025-11-25 09:44:42,140,153,30.9,85.0,0,Holi,184,132.4285714
2025-11-25 09:44:42,66,132,30.6,88.9,0,Holi,140,131.2857143
2025-11-25 09:44:42,177,112,38.1,82.1,0,Holi,66,136.7142857
2025-11-25 09:44:42,157,140,31.0,79.3,0,Holi,177,141.4285714
2025-11-25 09:44:42,74,176,27.0,78.8,0,Holi,157,139.5714286
2025-11-25 09:44:42,137,116,29.7,69.4,0,Holi,74,133.5714286
2025-11-25 09:44:42,78,90,24.7,73.7,0,Holi,137,118.4285714
2025-11-25 09:44:42,112,153,29.8,91.7,0,Holi,78,114.4285714
2025-11-25 09:44:42,199,116,27.5,65.6,0,Holi,112,133.4285714
2025-11-25 09:44:42,163,54,32.7,91.1,0,Holi,199,131.4285714
2025-11-25 09:44:42,98,145,28.4,71.8,0,Holi,163,123.0
2025-11-25 09:44:42,130,103,29.6,88.3,0,Holi,98,131.0
2025-11-25 09:44:42,133,117,28.1,60.9,0,Holi,130,130.4285714
2025-11-25 09:44:42,154,129,35.2,80.9,0,Holi,133,141.2857143
2025-11-25 09:44:42,197,125,29.0,67.6,0,Holi,154,153.4285714
2025-11-25 09:44:42,167,141,35.5,60.8,0,Holi,197,148.8571429
2025-11-25 09:44:42,135,106,32.4,77.2,0,Holi,167,144.8571429
2025-11-25 09:44:42,112,135,31.4,85.1,0,Holi,135,146.8571429
2025-11-25 09:44:42,153,112,31.1,66.6,0,Holi,112,150.1428571
2025-11-25 09:44:42,98,142,31.2,60.0,0,Holi,153,145.1428571
2025-11-25 09:44:42,120,138,24.2,74.1,0,Holi,98,140.2857143
2025-11-25 09:44:42,50,91,29.2,74.1,0,Holi,120,119.2857143
2025-11-25 09:44:42,190,152,32.5,80.5,0,Holi,50,122.5714286
2025-11-25 09:44:42,172,103,29.9,84.5,0,Holi,190,127.8571429
2025-11-25 09:44:42,111,144,25.8,74.4,0,Holi,172,127.7142857
2025-11-25 09:44:42,81,131,29.8,93.6,0,Holi,111,117.4285714
2025-11-25 09:44:42,78,175,35.1,77.2,0,Holi,81,114.5714286
2025-11-25 09:44:42,98,113,33.7,71.5,0,Holi,78,111.4285714
2025-11-25 09:44:42,79,109,29.8,58.9,0,Holi,98,115.5714286
2025-11-25 09:44:42,193,119,32.9,72.4,0,Holi,79,116.0
2025-11-25 09:44:42,68,110,28.9,71.6,0,Holi,193,101.1428571
2025-11-25 09:44:42,67,143,24.9,84.6,0,Holi,68,94.85714286
2025-11-25 09:44:42,50,71,27.2,79.6,0,Holi,67,90.42857143
2025-11-25 09:44:42,127,88,34.7,63.2,0,Holi,50,97.42857143
2025-11-25 09:44:42,164,87,29.2,76.7,0,Holi,127,106.8571429
2025-11-25 09:44:42,162,148,29.3,81.7,0,Holi,164,118.7142857
2025-11-25 09:44:42,163,171,29.1,90.3,0,Holi,162,114.4285714
2025-11-25 09:44:42,146,116,35.7,83.9,1,Ganesh Chaturthi,163,125.5714286
2025-11-25 09:44:42,254,114,34.9,82.6,1,Ganesh Chaturthi,146,152.2857143
2025-11-25 09:44:42,234,122,36.7,75.6,1,Ganesh Chaturthi,254,178.5714286
2025-11-25 09:44:42,74,154,29.5,78.9,1,Ganesh Chaturthi,234,171.0
2025-11-25 09:44:42,150,92,30.9,87.5,1,Ganesh Chaturthi,74,169.0
2025-11-25 09:44:42,187,127,25.5,61.7,1,Ganesh Chaturthi,150,172.5714286
2025-11-25 09:44:42,252,149,34.4,71.5,1,Ganesh Chaturthi,187,185.2857143
2025-11-25 09:44:42,103,135,26.5,67.3,1,Ganesh Chaturthi,252,179.1428571
2025-11-25 09:44:42,71,125,30.7,78.8,1,Ganesh Chaturthi,103,153.0
2025-11-25 09:44:42,198,150,26.7,87.3,1,Ganesh Chaturthi,71,147.8571429
2025-11-25 09:44:42,239,50,28.2,69.0,1,Ganesh Chaturthi,198,171.4285714
2025-11-25 09:44:42,192,140,27.5,51.1,1,Ganesh Chaturthi,239,177.4285714
2025-11-25 09:44:42,125,100,28.2,70.9,1,Ganesh Chaturthi,192,168.5714286
2025-11-25 09:44:42,98,65,28.4,84.1,1,Ganesh Chaturthi,125,146.5714286
2025-11-25 09:44:42,270,135,28.4,80.4,1,Ganesh Chaturthi,98,170.4285714
2025-11-25 09:44:42,173,161,32.5,79.3,1,Ganesh Chaturthi,270,185.0
2025-11-25 09:44:42,83,115,26.7,72.2,1,Ganesh Chaturthi,173,168.5714286
2025-11-25 09:44:42,144,148,30.7,62.2,1,Ganesh Chaturthi,83,155.0
2025-11-25 09:44:42,150,168,33.7,80.2,1,Ganesh Chaturthi,144,149.0
2025-11-25 09:44:42,149,159,28.5,66.7,1,Ganesh Chaturthi,150,152.4285714
2025-11-25 09:44:42,176,169,27.8,96.8,1,Ganesh Chaturthi,149,163.5714286
2025-11-25 09:44:42,145,142,29.3,80.7,1,Ganesh Chaturthi,176,145.7142857
2025-11-25 09:44:42,153,122,33.5,69.2,1,Ganesh Chaturthi,145,142.8571429
2025-11-25 09:44:42,122,71,30.6,68.9,1,Ganesh Chaturthi,153,148.4285714
2025-11-25 09:44:42,207,112,28.4,74.1,1,Ganesh Chaturthi,122,157.4285714
2025-11-25 09:44:42,195,94,31.5,72.6,1,Ganesh Chaturthi,207,163.8571429
2025-11-25 09:44:42,68,185,26.7,86.2,1,Ganesh Chaturthi,195,152.2857143
2025-11-25 09:44:42,101,114,32.0,76.9,1,Ganesh Chaturthi,68,141.5714286
2025-11-25 09:44:42,209,123,31.2,67.7,1,Ganesh Chaturthi,101,150.7142857
2025-11-25 09:44:42,175,136,29.1,93.9,1,Ganesh Chaturthi,209,153.8571429
2025-11-25 09:44:42,176,121,27.5,75.5,1,Navratri,175,161.5714286
2025-11-25 09:44:42,108,170,27.3,82.7,1,Navratri,176,147.4285714
2025-11-25 09:44:42,246,101,31.6,68.9,1,Navratri,108,154.7142857
2025-11-25 09:44:42,140,125,33.7,78.6,1,Navratri,246,165.0
2025-11-25 09:44:42,289,97,28.1,78.1,1,Navratri,140,191.8571429
2025-11-25 09:44:42,238,80,31.4,56.1,1,Navratri,289,196.0
2025-11-25 09:44:42,151,101,23.7,95.2,1,Navratri,238,192.5714286
2025-11-25 09:44:42,71,118,28.2,87.9,1,Navratri,151,177.5714286
2025-11-25 09:44:42,169,107,29.9,71.0,1,Navratri,71,186.2857143
2025-11-25 09:44:42,75,99,27.3,64.0,1,Navratri,169,161.8571429
2025-11-25 09:44:42,161,77,27.2,78.5,1,Navratri,75,164.8571429
2025-11-25 09:44:42,290,117,28.0,75.9,1,Navratri,161,165.0
2025-11-25 09:44:42,196,74,30.9,78.6,1,Navratri,290,159.0
2025-11-25 09:44:42,244,142,29.4,76.9,1,Navratri,196,172.2857143
2025-11-25 09:44:42,281,122,23.3,80.1,1,Navratri,244,202.2857143
2025-11-25 09:44:42,122,76,23.6,89.5,1,Navratri,281,195.5714286
2025-11-25 09:44:42,96,110,28.2,80.7,1,Navratri,122,198.5714286
2025-11-25 09:44:42,174,97,31.4,64.5,1,Navratri,96,200.4285714
2025-11-25 09:44:42,73,129,21.8,88.6,1,Navratri,174,169.4285714
2025-11-25 09:44:42,229,160,28.5,91.4,1,Navratri,73,174.1428571
2025-11-25 09:44:42,128,63,28.4,106.5,1,Navratri,229,157.5714286
2025-11-25 09:44:42,252,123,34.2,63.8,1,Navratri,128,153.4285714
2025-11-25 09:44:42,80,115,28.8,77.4,1,Navratri,252,147.4285714
2025-11-25 09:44:42,262,140,31.1,54.2,1,Navratri,80,171.1428571
2025-11-25 09:44:42,224,126,30.4,80.5,1,Navratri,262,178.2857143
2025-11-25 09:44:42,258,97,23.6,69.5,1,Navratri,224,204.7142857
2025-11-25 09:44:42,91,110,32.3,94.2,1,Navratri,258,185.0
2025-11-25 09:44:42,72,96,30.6,67.3,1,Navratri,91,177.0
2025-11-25 09:44:42,103,152,31.5,58.1,1,Navratri,72,155.7142857
2025-11-25 09:44:42,239,120,41.8,70.3,1,Navratri,103,178.4285714
2025-11-25 09:44:42,135,177,23.7,55.2,1,Navratri,239,160.2857143
2025-11-25 09:44:42,205,118,35.2,82.5,1,Diwali,135,157.5714286
2025-11-25 09:44:42,180,98,29.1,54.3,1,Diwali,205,146.4285714
2025-11-25 09:44:42,204,74,30.9,75.3,1,Diwali,180,162.5714286
2025-11-25 09:44:42,96,65,29.9,54.2,1,Diwali,204,166.0
2025-11-25 09:44:42,165,72,28.7,71.8,1,Diwali,96,174.8571429
2025-11-25 09:44:42,249,128,28.3,91.4,1,Diwali,165,176.2857143
2025-11-25 09:44:42,146,135,31.0,78.6,1,Diwali,249,177.8571429
2025-11-25 09:44:42,213,72,25.4,66.4,1,Diwali,146,179.0
2025-11-25 09:44:42,196,146,32.3,74.7,1,Diwali,213,181.2857143
2025-11-25 09:44:42,244,105,28.8,75.2,1,Diwali,196,187.0
2025-11-25 09:44:42,79,124,26.6,79.7,1,Diwali,244,184.5714286
2025-11-25 09:44:42,83,168,28.6,61.3,1,Diwali,79,172.8571429
2025-11-25 09:44:42,108,146,33.8,80.9,1,Diwali,83,152.7142857
2025-11-25 09:44:42,109,111,28.4,48.0,1,Diwali,108,147.4285714
2025-11-25 09:44:42,222,93,31.1,68.7,1,Diwali,109,148.7142857
2025-11-25 09:44:42,97,55,27.8,70.1,1,Diwali,222,134.5714286
2025-11-25 09:44:42,63,98,32.3,81.3,1,Diwali,97,108.7142857
2025-11-25 09:44:42,99,113,32.1,75.2,1,Diwali,63,111.5714286
2025-11-25 09:44:42,208,90,35.5,60.9,1,Diwali,99,129.4285714
2025-11-25 09:44:42,196,116,29.5,65.2,1,Diwali,208,142.0
2025-11-25 09:44:42,110,122,32.0,77.0,1,Diwali,196,142.1428571
2025-11-25 09:44:42,150,113,30.3,74.2,1,Diwali,110,131.8571429
2025-11-25 09:44:42,163,100,33.9,69.2,1,Diwali,150,141.2857143
2025-11-25 09:44:42,264,125,27.8,70.2,1,Diwali,163,170.0
2025-11-25 09:44:42,227,133,32.2,82.0,1,Diwali,264,188.2857143
